idVariable,fecha,valor
5,04/03/2002,"2,01"
5,05/03/2002,"1,99"
5,06/03/2002,"2,05"
5,07/03/2002,"2,14"
5,08/03/2002,"2,2"
5,11/03/2002,"2,25"
5,12/03/2002,"2,37"
5,13/03/2002,"2,33"
5,14/03/2002,"2,37"
5,15/03/2002,"2,34"
5,18/03/2002,"2,32"
5,19/03/2002,"2,38"
5,20/03/2002,"2,43"
5,21/03/2002,"2,39"
5,22/03/2002,"2,57"
5,25/03/2002,"3,21"
5,26/03/2002,"2,99"
5,27/03/2002,"2,85"
5,02/04/2002,"2,89"
5,03/04/2002,"2,9"
5,04/04/2002,"2,8"
5,05/04/2002,"2,67"
5,08/04/2002,"2,7"
5,09/04/2002,"2,75"
5,10/04/2002,"2,77"
5,11/04/2002,"2,79"
5,12/04/2002,"2,86"
5,15/04/2002,"2,92"
5,16/04/2002,"2,85"
5,17/04/2002,"2,81"
5,18/04/2002,"2,91"
5,19/04/2002,"3,12"
5,29/04/2002,"3,02"
5,30/04/2002,"2,92"
5,02/05/2002,"3,04"
5,03/05/2002,"3,16"
5,06/05/2002,"3,16"
5,07/05/2002,"3,17"
5,08/05/2002,"3,19"
5,09/05/2002,"3,18"
5,10/05/2002,"3,18"
5,13/05/2002,"3,27"
5,14/05/2002,"3,26"
5,15/05/2002,"3,23"
5,16/05/2002,"3,22"
5,17/05/2002,"3,33"
5,20/05/2002,"3,52"
5,21/05/2002,"3,49"
5,22/05/2002,"3,42"
5,23/05/2002,"3,39"
5,24/05/2002,"3,43"
5,27/05/2002,"3,45"
5,28/05/2002,"3,45"
5,29/05/2002,"3,54"
5,30/05/2002,"3,59"
5,31/05/2002,"3,58"
5,03/06/2002,"3,59"
5,04/06/2002,"3,61"
5,05/06/2002,"3,63"
5,06/06/2002,"3,64"
5,07/06/2002,"3,63"
5,10/06/2002,"3,53"
5,11/06/2002,"3,46"
5,12/06/2002,"3,45"
5,13/06/2002,"3,47"
5,14/06/2002,"3,5"
5,18/06/2002,"3,51"
5,19/06/2002,"3,54"
5,20/06/2002,"3,58"
5,21/06/2002,"3,64"
5,24/06/2002,"3,71"
5,25/06/2002,"3,85"
5,26/06/2002,"3,87"
5,27/06/2002,"3,81"
5,28/06/2002,"3,8"
5,01/07/2002,"3,79"
5,02/07/2002,"3,69"
5,03/07/2002,"3,58"
5,04/07/2002,"3,56"
5,05/07/2002,"3,57"
5,08/07/2002,"3,53"
5,10/07/2002,"3,53"
5,11/07/2002,"3,56"
5,12/07/2002,"3,59"
5,15/07/2002,"3,59"
5,16/07/2002,"3,59"
5,17/07/2002,"3,5"
5,18/07/2002,"3,54"
5,19/07/2002,"3,58"
5,22/07/2002,"3,6"
5,23/07/2002,"3,64"
5,24/07/2002,"3,65"
5,25/07/2002,"3,63"
5,26/07/2002,"3,66"
5,29/07/2002,"3,65"
5,30/07/2002,"3,65"
5,31/07/2002,"3,7"
5,01/08/2002,"3,63"
5,02/08/2002,"3,62"
5,05/08/2002,"3,62"
5,06/08/2002,"3,62"
5,07/08/2002,"3,63"
5,08/08/2002,"3,64"
5,09/08/2002,"3,64"
5,12/08/2002,"3,62"
5,13/08/2002,"3,61"
5,14/08/2002,"3,63"
5,15/08/2002,"3,64"
5,16/08/2002,"3,64"
5,20/08/2002,"3,63"
5,21/08/2002,"3,6"
5,22/08/2002,"3,58"
5,23/08/2002,"3,6"
5,26/08/2002,"3,62"
5,27/08/2002,"3,63"
5,28/08/2002,"3,61"
5,29/08/2002,"3,61"
5,30/08/2002,"3,63"
5,02/09/2002,"3,63"
5,03/09/2002,"3,63"
5,04/09/2002,"3,64"
5,05/09/2002,"3,62"
5,06/09/2002,"3,61"
5,09/09/2002,"3,61"
5,10/09/2002,"3,62"
5,11/09/2002,"3,61"
5,12/09/2002,"3,62"
5,13/09/2002,"3,63"
5,16/09/2002,"3,64"
5,17/09/2002,"3,63"
5,18/09/2002,"3,63"
5,19/09/2002,"3,65"
5,20/09/2002,"3,66"
5,23/09/2002,"3,65"
5,24/09/2002,"3,66"
5,25/09/2002,"3,67"
5,26/09/2002,"3,67"
5,27/09/2002,"3,7"
5,30/09/2002,"3,73"
5,01/10/2002,"3,74"
5,02/10/2002,"3,76"
5,03/10/2002,"3,75"
5,04/10/2002,"3,74"
5,07/10/2002,"3,76"
5,08/10/2002,"3,74"
5,09/10/2002,"3,72"
5,10/10/2002,"3,69"
5,11/10/2002,"3,71"
5,15/10/2002,"3,68"
5,16/10/2002,"3,61"
5,17/10/2002,"3,57"
5,18/10/2002,"3,59"
5,21/10/2002,"3,61"
5,22/10/2002,"3,62"
5,23/10/2002,"3,6"
5,24/10/2002,"3,6"
5,25/10/2002,"3,61"
5,28/10/2002,"3,59"
5,29/10/2002,"3,58"
5,30/10/2002,"3,55"
5,31/10/2002,"3,52"
5,01/11/2002,"3,52"
5,04/11/2002,"3,54"
5,05/11/2002,"3,54"
5,07/11/2002,"3,54"
5,08/11/2002,"3,53"
5,11/11/2002,"3,54"
5,12/11/2002,"3,53"
5,13/11/2002,"3,53"
5,14/11/2002,"3,54"
5,15/11/2002,"3,53"
5,18/11/2002,"3,53"
5,19/11/2002,"3,51"
5,20/11/2002,"3,51"
5,21/11/2002,"3,51"
5,22/11/2002,"3,5"
5,25/11/2002,"3,5"
5,26/11/2002,"3,48"
5,27/11/2002,"3,49"
5,28/11/2002,"3,54"
5,29/11/2002,"3,6"
5,02/12/2002,"3,59"
5,03/12/2002,"3,54"
5,04/12/2002,"3,53"
5,05/12/2002,"3,52"
5,06/12/2002,"3,53"
5,09/12/2002,"3,53"
5,10/12/2002,"3,53"
5,11/12/2002,"3,51"
5,12/12/2002,"3,5"
5,13/12/2002,"3,51"
5,16/12/2002,"3,54"
5,17/12/2002,"3,54"
5,18/12/2002,"3,51"
5,19/12/2002,"3,48"
5,20/12/2002,"3,47"
5,23/12/2002,"3,47"
5,24/12/2002,"3,45"
5,26/12/2002,"3,41"
5,27/12/2002,"3,4"
5,30/12/2002,"3,39"
5,31/12/2002,"3,36"
5,02/01/2003,"3,36"
5,03/01/2003,"3,33"
5,06/01/2003,"3,33"
5,07/01/2003,"3,29"
5,08/01/2003,"3,29"
5,09/01/2003,"3,31"
5,10/01/2003,"3,35"
5,13/01/2003,"3,35"
5,14/01/2003,"3,3"
5,15/01/2003,"3,23"
5,16/01/2003,"3,24"
5,17/01/2003,"3,24"
5,20/01/2003,"3,19"
5,21/01/2003,"3,13"
5,22/01/2003,"3,06"
5,23/01/2003,"3,12"
5,24/01/2003,"3,17"
5,27/01/2003,"3,26"
5,28/01/2003,"3,34"
5,29/01/2003,"3,34"
5,30/01/2003,"3,24"
5,31/01/2003,"3,18"
5,03/02/2003,"3,2"
5,04/02/2003,"3,16"
5,05/02/2003,"3,15"
5,06/02/2003,"3,15"
5,07/02/2003,"3,15"
5,10/02/2003,"3,15"
5,11/02/2003,"3,1"
5,12/02/2003,"3,08"
5,13/02/2003,"3,12"
5,14/02/2003,"3,19"
5,17/02/2003,"3,16"
5,18/02/2003,"3,16"
5,19/02/2003,"3,18"
5,20/02/2003,"3,23"
5,21/02/2003,"3,2"
5,24/02/2003,"3,18"
5,25/02/2003,"3,15"
5,26/02/2003,"3,16"
5,27/02/2003,"3,18"
5,28/02/2003,"3,2"
5,03/03/2003,"3,22"
5,04/03/2003,"3,2"
5,05/03/2003,"3,17"
5,06/03/2003,"3,18"
5,07/03/2003,"3,17"
5,10/03/2003,"3,15"
5,11/03/2003,"3,14"
5,12/03/2003,"3,11"
5,13/03/2003,"3,11"
5,14/03/2003,"3,12"
5,17/03/2003,"3,1"
5,18/03/2003,"3,07"
5,19/03/2003,"3,02"
5,20/03/2003,"3,02"
5,21/03/2003,"3,04"
5,24/03/2003,"3,01"
5,25/03/2003,"2,94"
5,26/03/2003,"2,9"
5,27/03/2003,"2,87"
5,28/03/2003,"2,96"
5,01/04/2003,"2,98"
5,02/04/2003,"2,92"
5,03/04/2003,"2,9"
5,04/04/2003,"2,9"
5,07/04/2003,"2,89"
5,08/04/2003,"2,91"
5,09/04/2003,"2,92"
5,10/04/2003,"2,9"
5,11/04/2003,"2,89"
5,14/04/2003,"2,92"
5,15/04/2003,"2,96"
5,16/04/2003,"2,94"
5,21/04/2003,"2,9"
5,22/04/2003,"2,86"
5,23/04/2003,"2,84"
5,24/04/2003,"2,85"
5,25/04/2003,"2,88"
5,28/04/2003,"2,86"
5,29/04/2003,"2,85"
5,30/04/2003,"2,83"
5,02/05/2003,"2,79"
5,05/05/2003,"2,8"
5,06/05/2003,"2,8"
5,07/05/2003,"2,81"
5,08/05/2003,"2,77"
5,09/05/2003,"2,76"
5,12/05/2003,"2,77"
5,13/05/2003,"2,75"
5,14/05/2003,"2,77"
5,15/05/2003,"2,84"
5,16/05/2003,"2,91"
5,19/05/2003,"2,95"
5,20/05/2003,"2,88"
5,21/05/2003,"2,85"
5,22/05/2003,"2,84"
5,23/05/2003,"2,89"
5,26/05/2003,"2,88"
5,27/05/2003,"2,87"
5,28/05/2003,"2,88"
5,29/05/2003,"2,88"
5,30/05/2003,"2,86"
5,02/06/2003,"2,85"
5,03/06/2003,"2,84"
5,04/06/2003,"2,83"
5,05/06/2003,"2,82"
5,06/06/2003,"2,82"
5,09/06/2003,"2,82"
5,10/06/2003,"2,81"
5,11/06/2003,"2,81"
5,12/06/2003,"2,84"
5,13/06/2003,"2,83"
5,17/06/2003,"2,8"
5,18/06/2003,"2,8"
5,19/06/2003,"2,8"
5,20/06/2003,"2,8"
5,23/06/2003,"2,8"
5,24/06/2003,"2,77"
5,25/06/2003,"2,76"
5,26/06/2003,"2,79"
5,27/06/2003,"2,79"
5,30/06/2003,"2,81"
5,01/07/2003,"2,8"
5,02/07/2003,"2,8"
5,03/07/2003,"2,8"
5,04/07/2003,"2,8"
5,07/07/2003,"2,79"
5,08/07/2003,"2,78"
5,10/07/2003,"2,77"
5,11/07/2003,"2,76"
5,14/07/2003,"2,76"
5,15/07/2003,"2,78"
5,16/07/2003,"2,77"
5,17/07/2003,"2,79"
5,18/07/2003,"2,8"
5,21/07/2003,"2,8"
5,22/07/2003,"2,79"
5,23/07/2003,"2,78"
5,24/07/2003,"2,79"
5,25/07/2003,"2,82"
5,28/07/2003,"2,82"
5,29/07/2003,"2,84"
5,30/07/2003,"2,88"
5,31/07/2003,"2,93"
5,01/08/2003,"2,93"
5,04/08/2003,"2,96"
5,05/08/2003,"2,94"
5,06/08/2003,"2,93"
5,07/08/2003,"2,93"
5,08/08/2003,"2,92"
5,11/08/2003,"2,92"
5,12/08/2003,"2,91"
5,13/08/2003,"2,88"
5,14/08/2003,"2,9"
5,15/08/2003,"2,9"
5,19/08/2003,"2,9"
5,20/08/2003,"2,91"
5,21/08/2003,"2,94"
5,22/08/2003,"2,97"
5,25/08/2003,"2,93"
5,26/08/2003,"2,92"
5,27/08/2003,"2,96"
5,28/08/2003,"2,97"
5,29/08/2003,"2,95"
5,01/09/2003,"2,96"
5,02/09/2003,"2,97"
5,03/09/2003,"2,98"
5,04/09/2003,"2,96"
5,05/09/2003,"2,94"
5,08/09/2003,"2,94"
5,09/09/2003,"2,96"
5,10/09/2003,"2,94"
5,11/09/2003,"2,9"
5,12/09/2003,"2,89"
5,15/09/2003,"2,89"
5,16/09/2003,"2,89"
5,17/09/2003,"2,91"
5,18/09/2003,"2,92"
5,19/09/2003,"2,91"
5,22/09/2003,"2,91"
5,23/09/2003,"2,9"
5,24/09/2003,"2,89"
5,25/09/2003,"2,89"
5,26/09/2003,"2,9"
5,29/09/2003,"2,91"
5,30/09/2003,"2,91"
5,01/10/2003,"2,91"
5,02/10/2003,"2,9"
5,03/10/2003,"2,9"
5,06/10/2003,"2,88"
5,07/10/2003,"2,87"
5,08/10/2003,"2,86"
5,09/10/2003,"2,85"
5,10/10/2003,"2,83"
5,14/10/2003,"2,84"
5,15/10/2003,"2,84"
5,16/10/2003,"2,84"
5,17/10/2003,"2,85"
5,20/10/2003,"2,85"
5,21/10/2003,"2,85"
5,22/10/2003,"2,85"
5,23/10/2003,"2,85"
5,24/10/2003,"2,84"
5,27/10/2003,"2,84"
5,28/10/2003,"2,85"
5,29/10/2003,"2,85"
5,30/10/2003,"2,86"
5,31/10/2003,"2,88"
5,03/11/2003,"2,86"
5,04/11/2003,"2,85"
5,05/11/2003,"2,86"
5,07/11/2003,"2,85"
5,10/11/2003,"2,85"
5,11/11/2003,"2,85"
5,12/11/2003,"2,86"
5,13/11/2003,"2,86"
5,14/11/2003,"2,87"
5,17/11/2003,"2,88"
5,18/11/2003,"2,86"
5,19/11/2003,"2,87"
5,20/11/2003,"2,88"
5,21/11/2003,"2,89"
5,24/11/2003,"2,89"
5,25/11/2003,"2,92"
5,26/11/2003,"2,94"
5,27/11/2003,"2,98"
5,28/11/2003,"2,99"
5,01/12/2003,"2,99"
5,02/12/2003,"2,97"
5,03/12/2003,"2,98"
5,04/12/2003,"2,97"
5,05/12/2003,"2,97"
5,09/12/2003,"2,95"
5,10/12/2003,"2,94"
5,11/12/2003,"2,95"
5,12/12/2003,"2,96"
5,15/12/2003,"2,96"
5,16/12/2003,"2,97"
5,17/12/2003,"2,97"
5,18/12/2003,"2,97"
5,19/12/2003,"2,97"
5,22/12/2003,"2,97"
5,23/12/2003,"2,96"
5,24/12/2003,"2,96"
5,26/12/2003,"2,95"
5,29/12/2003,"2,95"
5,30/12/2003,"2,93"
5,31/12/2003,"2,93"
5,02/01/2004,"2,92"
5,05/01/2004,"2,89"
5,06/01/2004,"2,86"
5,07/01/2004,"2,87"
5,08/01/2004,"2,89"
5,09/01/2004,"2,89"
5,12/01/2004,"2,87"
5,13/01/2004,"2,86"
5,14/01/2004,"2,88"
5,15/01/2004,"2,87"
5,16/01/2004,"2,87"
5,19/01/2004,"2,89"
5,20/01/2004,"2,89"
5,21/01/2004,"2,89"
5,22/01/2004,"2,91"
5,23/01/2004,"2,9"
5,26/01/2004,"2,91"
5,27/01/2004,"2,91"
5,28/01/2004,"2,92"
5,29/01/2004,"2,94"
5,30/01/2004,"2,93"
5,02/02/2004,"2,94"
5,03/02/2004,"2,93"
5,04/02/2004,"2,93"
5,05/02/2004,"2,96"
5,06/02/2004,"2,96"
5,09/02/2004,"2,94"
5,10/02/2004,"2,93"
5,11/02/2004,"2,94"
5,12/02/2004,"2,93"
5,13/02/2004,"2,92"
5,16/02/2004,"2,92"
5,17/02/2004,"2,92"
5,18/02/2004,"2,93"
5,19/02/2004,"2,94"
5,20/02/2004,"2,94"
5,23/02/2004,"2,92"
5,24/02/2004,"2,92"
5,25/02/2004,"2,92"
5,26/02/2004,"2,92"
5,27/02/2004,"2,92"
5,01/03/2004,"2,92"
5,02/03/2004,"2,92"
5,03/03/2004,"2,91"
5,04/03/2004,"2,92"
5,05/03/2004,"2,93"
5,08/03/2004,"2,94"
5,09/03/2004,"2,93"
5,10/03/2004,"2,9"
5,11/03/2004,"2,92"
5,12/03/2004,"2,91"
5,15/03/2004,"2,91"
5,16/03/2004,"2,9"
5,17/03/2004,"2,89"
5,18/03/2004,"2,88"
5,19/03/2004,"2,88"
5,22/03/2004,"2,87"
5,23/03/2004,"2,87"
5,24/03/2004,"2,88"
5,25/03/2004,"2,88"
5,26/03/2004,"2,88"
5,29/03/2004,"2,88"
5,30/03/2004,"2,87"
5,31/03/2004,"2,86"
5,01/04/2004,"2,85"
5,02/04/2004,"2,85"
5,06/04/2004,"2,84"
5,07/04/2004,"2,81"
5,12/04/2004,"2,8"
5,13/04/2004,"2,82"
5,14/04/2004,"2,82"
5,15/04/2004,"2,81"
5,16/04/2004,"2,82"
5,19/04/2004,"2,82"
5,20/04/2004,"2,84"
5,21/04/2004,"2,85"
5,22/04/2004,"2,86"
5,23/04/2004,"2,86"
5,26/04/2004,"2,84"
5,27/04/2004,"2,83"
5,28/04/2004,"2,85"
5,29/04/2004,"2,86"
5,30/04/2004,"2,85"
5,03/05/2004,"2,84"
5,04/05/2004,"2,86"
5,05/05/2004,"2,86"
5,06/05/2004,"2,88"
5,07/05/2004,"2,92"
5,10/05/2004,"2,96"
5,11/05/2004,"2,91"
5,12/05/2004,"2,91"
5,13/05/2004,"2,93"
5,14/05/2004,"2,91"
5,17/05/2004,"2,91"
5,18/05/2004,"2,91"
5,19/05/2004,"2,91"
5,20/05/2004,"2,93"
5,21/05/2004,"2,95"
5,24/05/2004,"2,95"
5,26/05/2004,"2,95"
5,27/05/2004,"2,96"
5,28/05/2004,"2,96"
5,31/05/2004,"2,96"
5,01/06/2004,"2,97"
5,02/06/2004,"2,95"
5,03/06/2004,"2,95"
5,04/06/2004,"2,97"
5,07/06/2004,"2,97"
5,08/06/2004,"2,97"
5,09/06/2004,"2,96"
5,10/06/2004,"2,96"
5,11/06/2004,"2,97"
5,14/06/2004,"2,97"
5,15/06/2004,"2,96"
5,16/06/2004,"2,95"
5,17/06/2004,"2,96"
5,18/06/2004,"2,96"
5,22/06/2004,"2,96"
5,23/06/2004,"2,95"
5,24/06/2004,"2,94"
5,25/06/2004,"2,95"
5,28/06/2004,"2,96"
5,29/06/2004,"2,96"
5,30/06/2004,"2,96"
5,01/07/2004,"2,95"
5,02/07/2004,"2,95"
5,05/07/2004,"2,95"
5,06/07/2004,"2,94"
5,07/07/2004,"2,94"
5,08/07/2004,"2,95"
5,12/07/2004,"2,96"
5,13/07/2004,"2,95"
5,14/07/2004,"2,95"
5,15/07/2004,"2,95"
5,16/07/2004,"2,94"
5,19/07/2004,"2,94"
5,20/07/2004,"2,95"
5,21/07/2004,"2,95"
5,22/07/2004,"2,96"
5,23/07/2004,"2,96"
5,26/07/2004,"2,97"
5,27/07/2004,"2,97"
5,28/07/2004,"2,97"
5,29/07/2004,"2,98"
5,30/07/2004,"2,98"
5,02/08/2004,"2,99"
5,03/08/2004,"2,99"
5,04/08/2004,"3,01"
5,05/08/2004,"3,04"
5,06/08/2004,"3,07"
5,09/08/2004,"3,05"
5,10/08/2004,"3,02"
5,11/08/2004,"3,03"
5,12/08/2004,"3,02"
5,13/08/2004,"3,01"
5,17/08/2004,"3,01"
5,18/08/2004,"3,02"
5,19/08/2004,"3,01"
5,20/08/2004,"3,01"
5,23/08/2004,"3,01"
5,24/08/2004,3
5,25/08/2004,"2,99"
5,26/08/2004,"2,99"
5,27/08/2004,"3,01"
5,30/08/2004,"3,01"
5,31/08/2004,3
5,01/09/2004,3
5,02/09/2004,3
5,03/09/2004,3
5,06/09/2004,"2,99"
5,07/09/2004,"2,99"
5,08/09/2004,"2,99"
5,09/09/2004,3
5,10/09/2004,"3,01"
5,13/09/2004,"3,01"
5,14/09/2004,3
5,15/09/2004,"2,98"
5,16/09/2004,"2,98"
5,17/09/2004,3
5,20/09/2004,"2,99"
5,21/09/2004,3
5,22/09/2004,3
5,23/09/2004,"2,99"
5,24/09/2004,3
5,27/09/2004,"2,99"
5,28/09/2004,"2,99"
5,29/09/2004,"2,99"
5,30/09/2004,"2,98"
5,01/10/2004,"2,98"
5,04/10/2004,"2,97"
5,05/10/2004,"2,97"
5,06/10/2004,"2,97"
5,07/10/2004,"2,97"
5,08/10/2004,"2,97"
5,12/10/2004,"2,97"
5,13/10/2004,"2,97"
5,14/10/2004,"2,98"
5,15/10/2004,"2,97"
5,18/10/2004,"2,96"
5,19/10/2004,"2,96"
5,20/10/2004,"2,96"
5,21/10/2004,"2,96"
5,22/10/2004,"2,96"
5,25/10/2004,"2,97"
5,26/10/2004,"2,97"
5,27/10/2004,"2,97"
5,28/10/2004,"2,98"
5,29/10/2004,"2,98"
5,01/11/2004,"2,97"
5,02/11/2004,"2,96"
5,03/11/2004,"2,96"
5,04/11/2004,"2,96"
5,05/11/2004,"2,96"
5,08/11/2004,"2,97"
5,09/11/2004,"2,98"
5,10/11/2004,"2,97"
5,11/11/2004,"2,97"
5,12/11/2004,"2,96"
5,15/11/2004,"2,96"
5,16/11/2004,"2,95"
5,17/11/2004,"2,94"
5,18/11/2004,"2,93"
5,19/11/2004,"2,94"
5,22/11/2004,"2,95"
5,23/11/2004,"2,95"
5,24/11/2004,"2,94"
5,25/11/2004,"2,94"
5,26/11/2004,"2,94"
5,29/11/2004,"2,95"
5,30/11/2004,"2,95"
5,01/12/2004,"2,94"
5,02/12/2004,"2,95"
5,03/12/2004,"2,97"
5,06/12/2004,"2,98"
5,07/12/2004,"2,99"
5,09/12/2004,"2,98"
5,10/12/2004,"2,98"
5,13/12/2004,"2,98"
5,14/12/2004,"2,97"
5,15/12/2004,"2,98"
5,16/12/2004,"2,99"
5,17/12/2004,"2,99"
5,20/12/2004,"2,97"
5,21/12/2004,"2,95"
5,22/12/2004,"2,96"
5,23/12/2004,"2,96"
5,24/12/2004,"2,96"
5,27/12/2004,"2,96"
5,28/12/2004,"2,97"
5,29/12/2004,"2,98"
5,30/12/2004,"2,98"
5,31/12/2004,"2,97"
5,03/01/2005,"2,97"
5,04/01/2005,"2,97"
5,05/01/2005,"2,97"
5,06/01/2005,"2,97"
5,07/01/2005,"2,97"
5,10/01/2005,"2,97"
5,11/01/2005,"2,97"
5,12/01/2005,"2,95"
5,13/01/2005,"2,94"
5,14/01/2005,"2,94"
5,17/01/2005,"2,93"
5,18/01/2005,"2,94"
5,19/01/2005,"2,94"
5,20/01/2005,"2,94"
5,21/01/2005,"2,94"
5,24/01/2005,"2,94"
5,25/01/2005,"2,93"
5,26/01/2005,"2,92"
5,27/01/2005,"2,93"
5,28/01/2005,"2,93"
5,31/01/2005,"2,93"
5,01/02/2005,"2,92"
5,02/02/2005,"2,92"
5,03/02/2005,"2,92"
5,04/02/2005,"2,92"
5,07/02/2005,"2,92"
5,08/02/2005,"2,92"
5,09/02/2005,"2,91"
5,10/02/2005,"2,91"
5,11/02/2005,"2,91"
5,14/02/2005,"2,91"
5,15/02/2005,"2,91"
5,16/02/2005,"2,9"
5,17/02/2005,"2,89"
5,18/02/2005,"2,91"
5,21/02/2005,"2,91"
5,22/02/2005,"2,92"
5,23/02/2005,"2,93"
5,24/02/2005,"2,94"
5,25/02/2005,"2,93"
5,28/02/2005,"2,93"
5,01/03/2005,"2,94"
5,02/03/2005,"2,95"
5,03/03/2005,"2,95"
5,04/03/2005,"2,94"
5,07/03/2005,"2,93"
5,08/03/2005,"2,93"
5,09/03/2005,"2,94"
5,10/03/2005,"2,94"
5,11/03/2005,"2,92"
5,14/03/2005,"2,92"
5,15/03/2005,"2,92"
5,16/03/2005,"2,92"
5,17/03/2005,"2,92"
5,18/03/2005,"2,91"
5,21/03/2005,"2,92"
5,22/03/2005,"2,91"
5,23/03/2005,"2,92"
5,28/03/2005,"2,92"
5,29/03/2005,"2,92"
5,30/03/2005,"2,92"
5,31/03/2005,"2,92"
5,01/04/2005,"2,92"
5,04/04/2005,"2,92"
5,05/04/2005,"2,92"
5,06/04/2005,"2,91"
5,07/04/2005,"2,89"
5,08/04/2005,"2,89"
5,11/04/2005,"2,89"
5,12/04/2005,"2,89"
5,13/04/2005,"2,88"
5,14/04/2005,"2,88"
5,15/04/2005,"2,89"
5,18/04/2005,"2,9"
5,19/04/2005,"2,9"
5,20/04/2005,"2,9"
5,21/04/2005,"2,9"
5,22/04/2005,"2,9"
5,25/04/2005,"2,9"
5,26/04/2005,"2,9"
5,27/04/2005,"2,9"
5,28/04/2005,"2,9"
5,29/04/2005,"2,91"
5,02/05/2005,"2,9"
5,03/05/2005,"2,9"
5,04/05/2005,"2,9"
5,05/05/2005,"2,9"
5,06/05/2005,"2,9"
5,09/05/2005,"2,9"
5,10/05/2005,"2,89"
5,11/05/2005,"2,89"
5,12/05/2005,"2,9"
5,13/05/2005,"2,9"
5,16/05/2005,"2,89"
5,17/05/2005,"2,89"
5,18/05/2005,"2,89"
5,19/05/2005,"2,88"
5,20/05/2005,"2,89"
5,23/05/2005,"2,89"
5,24/05/2005,"2,88"
5,26/05/2005,"2,89"
5,27/05/2005,"2,89"
5,30/05/2005,"2,89"
5,31/05/2005,"2,89"
5,01/06/2005,"2,88"
5,02/06/2005,"2,88"
5,03/06/2005,"2,89"
5,06/06/2005,"2,89"
5,07/06/2005,"2,89"
5,08/06/2005,"2,89"
5,09/06/2005,"2,9"
5,10/06/2005,"2,89"
5,13/06/2005,"2,89"
5,14/06/2005,"2,88"
5,15/06/2005,"2,87"
5,16/06/2005,"2,88"
5,17/06/2005,"2,87"
5,21/06/2005,"2,87"
5,22/06/2005,"2,87"
5,23/06/2005,"2,87"
5,24/06/2005,"2,88"
5,27/06/2005,"2,88"
5,28/06/2005,"2,89"
5,29/06/2005,"2,9"
5,30/06/2005,"2,89"
5,01/07/2005,"2,88"
5,04/07/2005,"2,88"
5,05/07/2005,"2,89"
5,06/07/2005,"2,88"
5,07/07/2005,"2,88"
5,08/07/2005,"2,87"
5,11/07/2005,"2,86"
5,12/07/2005,"2,88"
5,13/07/2005,"2,87"
5,14/07/2005,"2,87"
5,15/07/2005,"2,86"
5,18/07/2005,"2,87"
5,19/07/2005,"2,86"
5,20/07/2005,"2,86"
5,21/07/2005,"2,86"
5,22/07/2005,"2,86"
5,25/07/2005,"2,86"
5,26/07/2005,"2,86"
5,27/07/2005,"2,86"
5,28/07/2005,"2,87"
5,29/07/2005,"2,86"
5,01/08/2005,"2,86"
5,02/08/2005,"2,86"
5,03/08/2005,"2,86"
5,04/08/2005,"2,86"
5,05/08/2005,"2,86"
5,08/08/2005,"2,87"
5,09/08/2005,"2,87"
5,10/08/2005,"2,87"
5,11/08/2005,"2,88"
5,12/08/2005,"2,88"
5,16/08/2005,"2,89"
5,17/08/2005,"2,89"
5,18/08/2005,"2,9"
5,19/08/2005,"2,91"
5,22/08/2005,"2,91"
5,23/08/2005,"2,91"
5,24/08/2005,"2,91"
5,25/08/2005,"2,91"
5,26/08/2005,"2,91"
5,29/08/2005,"2,91"
5,30/08/2005,"2,91"
5,31/08/2005,"2,91"
5,01/09/2005,"2,91"
5,02/09/2005,"2,91"
5,05/09/2005,"2,91"
5,06/09/2005,"2,91"
5,07/09/2005,"2,91"
5,08/09/2005,"2,9"
5,09/09/2005,"2,91"
5,12/09/2005,"2,92"
5,13/09/2005,"2,92"
5,14/09/2005,"2,92"
5,15/09/2005,"2,92"
5,16/09/2005,"2,91"
5,19/09/2005,"2,91"
5,20/09/2005,"2,91"
5,21/09/2005,"2,91"
5,22/09/2005,"2,91"
5,23/09/2005,"2,91"
5,26/09/2005,"2,91"
5,27/09/2005,"2,91"
5,28/09/2005,"2,91"
5,29/09/2005,"2,91"
5,30/09/2005,"2,91"
5,03/10/2005,"2,91"
5,04/10/2005,"2,91"
5,05/10/2005,"2,92"
5,06/10/2005,"2,93"
5,07/10/2005,"2,94"
5,11/10/2005,"2,94"
5,12/10/2005,"2,96"
5,13/10/2005,"2,98"
5,14/10/2005,"2,98"
5,17/10/2005,"2,97"
5,18/10/2005,"2,97"
5,19/10/2005,"2,97"
5,20/10/2005,"2,98"
5,21/10/2005,"2,99"
5,24/10/2005,"2,98"
5,25/10/2005,"2,98"
5,26/10/2005,3
5,27/10/2005,"3,01"
5,28/10/2005,"3,01"
5,31/10/2005,"3,01"
5,01/11/2005,3
5,02/11/2005,"2,99"
5,03/11/2005,"2,98"
5,04/11/2005,"2,98"
5,07/11/2005,"2,98"
5,08/11/2005,"2,97"
5,09/11/2005,"2,96"
5,10/11/2005,"2,97"
5,11/11/2005,"2,97"
5,14/11/2005,"2,97"
5,15/11/2005,"2,96"
5,16/11/2005,"2,95"
5,17/11/2005,"2,95"
5,18/11/2005,"2,94"
5,21/11/2005,"2,94"
5,22/11/2005,"2,94"
5,23/11/2005,"2,95"
5,24/11/2005,"2,95"
5,25/11/2005,"2,97"
5,28/11/2005,"2,99"
5,29/11/2005,"2,99"
5,30/11/2005,"2,97"
5,01/12/2005,"2,97"
5,02/12/2005,"2,98"
5,05/12/2005,"2,99"
5,06/12/2005,3
5,07/12/2005,"2,99"
5,09/12/2005,3
5,12/12/2005,"3,01"
5,13/12/2005,"3,01"
5,14/12/2005,3
5,15/12/2005,"3,01"
5,16/12/2005,"3,05"
5,19/12/2005,"3,04"
5,20/12/2005,"3,03"
5,21/12/2005,"3,03"
5,22/12/2005,"3,03"
5,23/12/2005,"3,02"
5,26/12/2005,"3,02"
5,27/12/2005,"3,02"
5,28/12/2005,"3,04"
5,29/12/2005,"3,03"
5,30/12/2005,"3,03"
5,31/12/2005,"3,03"
5,02/01/2006,"3,03"
5,03/01/2006,"3,04"
5,04/01/2006,"3,04"
5,05/01/2006,"3,04"
5,06/01/2006,"3,05"
5,09/01/2006,"3,06"
5,10/01/2006,"3,06"
5,11/01/2006,"3,05"
5,12/01/2006,"3,04"
5,13/01/2006,"3,04"
5,16/01/2006,"3,04"
5,17/01/2006,"3,04"
5,18/01/2006,"3,05"
5,19/01/2006,"3,05"
5,20/01/2006,"3,04"
5,23/01/2006,"3,04"
5,24/01/2006,"3,04"
5,25/01/2006,"3,04"
5,26/01/2006,"3,05"
5,27/01/2006,"3,05"
5,30/01/2006,"3,06"
5,31/01/2006,"3,06"
5,01/02/2006,"3,06"
5,02/02/2006,"3,07"
5,03/02/2006,"3,07"
5,06/02/2006,"3,06"
5,07/02/2006,"3,07"
5,08/02/2006,"3,08"
5,09/02/2006,"3,07"
5,10/02/2006,"3,06"
5,13/02/2006,"3,07"
5,14/02/2006,"3,07"
5,15/02/2006,"3,07"
5,16/02/2006,"3,07"
5,17/02/2006,"3,07"
5,20/02/2006,"3,07"
5,21/02/2006,"3,07"
5,22/02/2006,"3,07"
5,23/02/2006,"3,07"
5,24/02/2006,"3,08"
5,27/02/2006,"3,07"
5,28/02/2006,"3,07"
5,01/03/2006,"3,07"
5,02/03/2006,"3,07"
5,03/03/2006,"3,07"
5,06/03/2006,"3,08"
5,07/03/2006,"3,08"
5,08/03/2006,"3,08"
5,09/03/2006,"3,08"
5,10/03/2006,"3,08"
5,13/03/2006,"3,08"
5,14/03/2006,"3,08"
5,15/03/2006,"3,07"
5,16/03/2006,"3,07"
5,17/03/2006,"3,07"
5,20/03/2006,"3,07"
5,21/03/2006,"3,07"
5,22/03/2006,"3,08"
5,23/03/2006,"3,08"
5,27/03/2006,"3,08"
5,28/03/2006,"3,08"
5,29/03/2006,"3,08"
5,30/03/2006,"3,08"
5,31/03/2006,"3,08"
5,03/04/2006,"3,08"
5,04/04/2006,"3,08"
5,05/04/2006,"3,08"
5,06/04/2006,"3,08"
5,07/04/2006,"3,08"
5,10/04/2006,"3,08"
5,11/04/2006,"3,08"
5,12/04/2006,"3,08"
5,17/04/2006,"3,08"
5,18/04/2006,"3,07"
5,19/04/2006,"3,07"
5,20/04/2006,"3,06"
5,21/04/2006,"3,06"
5,24/04/2006,"3,05"
5,25/04/2006,"3,04"
5,26/04/2006,"3,04"
5,27/04/2006,"3,04"
5,28/04/2006,"3,04"
5,02/05/2006,"3,04"
5,03/05/2006,"3,04"
5,04/05/2006,"3,04"
5,05/05/2006,"3,04"
5,08/05/2006,"3,04"
5,09/05/2006,"3,04"
5,10/05/2006,"3,04"
5,11/05/2006,"3,04"
5,12/05/2006,"3,04"
5,15/05/2006,"3,04"
5,16/05/2006,"3,04"
5,17/05/2006,"3,05"
5,18/05/2006,"3,05"
5,19/05/2006,"3,06"
5,22/05/2006,"3,07"
5,23/05/2006,"3,07"
5,24/05/2006,"3,08"
5,26/05/2006,"3,07"
5,29/05/2006,"3,08"
5,30/05/2006,"3,08"
5,31/05/2006,"3,09"
5,01/06/2006,"3,08"
5,02/06/2006,"3,08"
5,05/06/2006,"3,08"
5,06/06/2006,"3,08"
5,07/06/2006,"3,08"
5,08/06/2006,"3,08"
5,09/06/2006,"3,08"
5,12/06/2006,"3,08"
5,13/06/2006,"3,08"
5,14/06/2006,"3,08"
5,15/06/2006,"3,08"
5,16/06/2006,"3,08"
5,20/06/2006,"3,08"
5,21/06/2006,"3,08"
5,22/06/2006,"3,08"
5,23/06/2006,"3,08"
5,26/06/2006,"3,08"
5,27/06/2006,"3,09"
5,28/06/2006,"3,09"
5,29/06/2006,"3,09"
5,30/06/2006,"3,08"
5,03/07/2006,"3,08"
5,04/07/2006,"3,08"
5,05/07/2006,"3,09"
5,06/07/2006,"3,09"
5,07/07/2006,"3,09"
5,10/07/2006,"3,09"
5,11/07/2006,"3,09"
5,12/07/2006,"3,08"
5,13/07/2006,"3,08"
5,14/07/2006,"3,08"
5,17/07/2006,"3,08"
5,18/07/2006,"3,08"
5,19/07/2006,"3,08"
5,20/07/2006,"3,08"
5,21/07/2006,"3,08"
5,24/07/2006,"3,08"
5,25/07/2006,"3,08"
5,26/07/2006,"3,08"
5,27/07/2006,"3,08"
5,28/07/2006,"3,08"
5,31/07/2006,"3,07"
5,01/08/2006,"3,07"
5,02/08/2006,"3,07"
5,03/08/2006,"3,07"
5,04/08/2006,"3,07"
5,07/08/2006,"3,07"
5,08/08/2006,"3,07"
5,09/08/2006,"3,07"
5,10/08/2006,"3,07"
5,11/08/2006,"3,07"
5,14/08/2006,"3,07"
5,15/08/2006,"3,08"
5,16/08/2006,"3,08"
5,17/08/2006,"3,08"
5,18/08/2006,"3,08"
5,22/08/2006,"3,08"
5,23/08/2006,"3,09"
5,24/08/2006,"3,09"
5,25/08/2006,"3,09"
5,28/08/2006,"3,1"
5,29/08/2006,"3,09"
5,30/08/2006,"3,09"
5,31/08/2006,"3,1"
5,01/09/2006,"3,09"
5,04/09/2006,"3,09"
5,05/09/2006,"3,1"
5,06/09/2006,"3,1"
5,07/09/2006,"3,1"
5,08/09/2006,"3,1"
5,11/09/2006,"3,1"
5,12/09/2006,"3,11"
5,13/09/2006,"3,11"
5,14/09/2006,"3,1"
5,15/09/2006,"3,1"
5,18/09/2006,"3,1"
5,19/09/2006,"3,1"
5,20/09/2006,"3,1"
5,21/09/2006,"3,1"
5,22/09/2006,"3,1"
5,25/09/2006,"3,1"
5,26/09/2006,"3,1"
5,27/09/2006,"3,1"
5,28/09/2006,"3,1"
5,29/09/2006,"3,1"
5,02/10/2006,"3,1"
5,03/10/2006,"3,1"
5,04/10/2006,"3,11"
5,05/10/2006,"3,1"
5,06/10/2006,"3,11"
5,09/10/2006,"3,11"
5,10/10/2006,"3,11"
5,11/10/2006,"3,11"
5,12/10/2006,"3,11"
5,13/10/2006,"3,1"
5,17/10/2006,"3,1"
5,18/10/2006,"3,1"
5,19/10/2006,"3,09"
5,20/10/2006,"3,09"
5,23/10/2006,"3,09"
5,24/10/2006,"3,09"
5,25/10/2006,"3,09"
5,26/10/2006,"3,09"
5,27/10/2006,"3,09"
5,30/10/2006,"3,1"
5,31/10/2006,"3,09"
5,01/11/2006,"3,09"
5,02/11/2006,"3,09"
5,03/11/2006,"3,08"
5,07/11/2006,"3,08"
5,08/11/2006,"3,07"
5,09/11/2006,"3,07"
5,10/11/2006,"3,07"
5,13/11/2006,"3,08"
5,14/11/2006,"3,08"
5,15/11/2006,"3,07"
5,16/11/2006,"3,07"
5,17/11/2006,"3,07"
5,20/11/2006,"3,07"
5,21/11/2006,"3,08"
5,22/11/2006,"3,08"
5,23/11/2006,"3,07"
5,24/11/2006,"3,07"
5,27/11/2006,"3,08"
5,28/11/2006,"3,08"
5,29/11/2006,"3,08"
5,30/11/2006,"3,07"
5,01/12/2006,"3,07"
5,04/12/2006,"3,06"
5,05/12/2006,"3,06"
5,06/12/2006,"3,06"
5,07/12/2006,"3,06"
5,11/12/2006,"3,06"
5,12/12/2006,"3,06"
5,13/12/2006,"3,06"
5,14/12/2006,"3,06"
5,15/12/2006,"3,06"
5,18/12/2006,"3,06"
5,19/12/2006,"3,06"
5,20/12/2006,"3,05"
5,21/12/2006,"3,05"
5,22/12/2006,"3,05"
5,26/12/2006,"3,07"
5,27/12/2006,"3,08"
5,28/12/2006,"3,07"
5,29/12/2006,"3,07"
5,02/01/2007,"3,06"
5,03/01/2007,"3,06"
5,04/01/2007,"3,07"
5,05/01/2007,"3,08"
5,08/01/2007,"3,08"
5,09/01/2007,"3,08"
5,10/01/2007,"3,08"
5,11/01/2007,"3,08"
5,12/01/2007,"3,08"
5,15/01/2007,"3,08"
5,16/01/2007,"3,08"
5,17/01/2007,"3,08"
5,18/01/2007,"3,08"
5,19/01/2007,"3,08"
5,22/01/2007,"3,09"
5,23/01/2007,"3,1"
5,24/01/2007,"3,1"
5,25/01/2007,"3,09"
5,26/01/2007,"3,1"
5,29/01/2007,"3,11"
5,30/01/2007,"3,11"
5,31/01/2007,"3,11"
5,01/02/2007,"3,1"
5,02/02/2007,"3,1"
5,05/02/2007,"3,1"
5,06/02/2007,"3,1"
5,07/02/2007,"3,1"
5,08/02/2007,"3,1"
5,09/02/2007,"3,1"
5,12/02/2007,"3,11"
5,13/02/2007,"3,1"
5,14/02/2007,"3,1"
5,15/02/2007,"3,1"
5,16/02/2007,"3,1"
5,19/02/2007,"3,1"
5,20/02/2007,"3,1"
5,21/02/2007,"3,1"
5,22/02/2007,"3,1"
5,23/02/2007,"3,1"
5,26/02/2007,"3,1"
5,27/02/2007,"3,1"
5,28/02/2007,"3,1"
5,01/03/2007,"3,1"
5,02/03/2007,"3,1"
5,05/03/2007,"3,1"
5,06/03/2007,"3,1"
5,07/03/2007,"3,1"
5,08/03/2007,"3,1"
5,09/03/2007,"3,1"
5,12/03/2007,"3,1"
5,13/03/2007,"3,1"
5,14/03/2007,"3,1"
5,15/03/2007,"3,1"
5,16/03/2007,"3,1"
5,19/03/2007,"3,1"
5,20/03/2007,"3,1"
5,21/03/2007,"3,1"
5,22/03/2007,"3,1"
5,23/03/2007,"3,1"
5,26/03/2007,"3,1"
5,27/03/2007,"3,11"
5,28/03/2007,"3,11"
5,29/03/2007,"3,1"
5,30/03/2007,"3,1"
5,03/04/2007,"3,1"
5,04/04/2007,"3,1"
5,09/04/2007,"3,1"
5,10/04/2007,"3,09"
5,11/04/2007,"3,09"
5,12/04/2007,"3,09"
5,13/04/2007,"3,09"
5,16/04/2007,"3,09"
5,17/04/2007,"3,08"
5,18/04/2007,"3,08"
5,19/04/2007,"3,09"
5,20/04/2007,"3,09"
5,23/04/2007,"3,09"
5,24/04/2007,"3,08"
5,25/04/2007,"3,08"
5,26/04/2007,"3,09"
5,27/04/2007,"3,09"
5,30/04/2007,"3,09"
5,02/05/2007,"3,08"
5,03/05/2007,"3,09"
5,04/05/2007,"3,08"
5,07/05/2007,"3,08"
5,08/05/2007,"3,08"
5,09/05/2007,"3,08"
5,10/05/2007,"3,08"
5,11/05/2007,"3,08"
5,14/05/2007,"3,08"
5,15/05/2007,"3,07"
5,16/05/2007,"3,08"
5,17/05/2007,"3,08"
5,18/05/2007,"3,08"
5,21/05/2007,"3,08"
5,22/05/2007,"3,07"
5,23/05/2007,"3,08"
5,24/05/2007,"3,08"
5,28/05/2007,"3,08"
5,29/05/2007,"3,08"
5,30/05/2007,"3,08"
5,31/05/2007,"3,08"
5,01/06/2007,"3,07"
5,04/06/2007,"3,07"
5,05/06/2007,"3,07"
5,06/06/2007,"3,08"
5,07/06/2007,"3,08"
5,08/06/2007,"3,08"
5,11/06/2007,"3,07"
5,12/06/2007,"3,08"
5,13/06/2007,"3,08"
5,14/06/2007,"3,07"
5,15/06/2007,"3,07"
5,19/06/2007,"3,07"
5,20/06/2007,"3,08"
5,21/06/2007,"3,08"
5,22/06/2007,"3,08"
5,25/06/2007,"3,08"
5,26/06/2007,"3,09"
5,27/06/2007,"3,09"
5,28/06/2007,"3,09"
5,29/06/2007,"3,09"
5,02/07/2007,"3,09"
5,03/07/2007,"3,09"
5,04/07/2007,"3,09"
5,05/07/2007,"3,1"
5,06/07/2007,"3,1"
5,10/07/2007,"3,11"
5,11/07/2007,"3,1"
5,12/07/2007,"3,1"
5,13/07/2007,"3,1"
5,16/07/2007,"3,1"
5,17/07/2007,"3,1"
5,18/07/2007,"3,1"
5,19/07/2007,"3,1"
5,20/07/2007,"3,11"
5,23/07/2007,"3,12"
5,24/07/2007,"3,14"
5,25/07/2007,"3,17"
5,26/07/2007,"3,15"
5,27/07/2007,"3,12"
5,30/07/2007,"3,12"
5,31/07/2007,"3,12"
5,01/08/2007,"3,13"
5,02/08/2007,"3,13"
5,03/08/2007,"3,14"
5,06/08/2007,"3,14"
5,07/08/2007,"3,14"
5,08/08/2007,"3,14"
5,09/08/2007,"3,14"
5,10/08/2007,"3,15"
5,13/08/2007,"3,14"
5,14/08/2007,"3,15"
5,15/08/2007,"3,15"
5,16/08/2007,"3,17"
5,17/08/2007,"3,15"
5,21/08/2007,"3,16"
5,22/08/2007,"3,16"
5,23/08/2007,"3,17"
5,24/08/2007,"3,17"
5,27/08/2007,"3,17"
5,28/08/2007,"3,17"
5,29/08/2007,"3,16"
5,30/08/2007,"3,16"
5,31/08/2007,"3,16"
5,03/09/2007,"3,16"
5,04/09/2007,"3,16"
5,05/09/2007,"3,17"
5,06/09/2007,"3,16"
5,07/09/2007,"3,16"
5,10/09/2007,"3,16"
5,11/09/2007,"3,15"
5,12/09/2007,"3,14"
5,13/09/2007,"3,13"
5,14/09/2007,"3,13"
5,17/09/2007,"3,14"
5,18/09/2007,"3,14"
5,19/09/2007,"3,13"
5,20/09/2007,"3,13"
5,21/09/2007,"3,14"
5,24/09/2007,"3,15"
5,25/09/2007,"3,15"
5,26/09/2007,"3,15"
5,27/09/2007,"3,15"
5,28/09/2007,"3,15"
5,01/10/2007,"3,15"
5,02/10/2007,"3,15"
5,03/10/2007,"3,15"
5,04/10/2007,"3,15"
5,05/10/2007,"3,16"
5,08/10/2007,"3,16"
5,09/10/2007,"3,16"
5,10/10/2007,"3,16"
5,11/10/2007,"3,16"
5,12/10/2007,"3,16"
5,16/10/2007,"3,16"
5,17/10/2007,"3,16"
5,18/10/2007,"3,16"
5,19/10/2007,"3,16"
5,22/10/2007,"3,17"
5,23/10/2007,"3,17"
5,24/10/2007,"3,18"
5,25/10/2007,"3,18"
5,26/10/2007,"3,17"
5,29/10/2007,"3,16"
5,30/10/2007,"3,15"
5,31/10/2007,"3,15"
5,01/11/2007,"3,14"
5,02/11/2007,"3,13"
5,05/11/2007,"3,13"
5,07/11/2007,"3,13"
5,08/11/2007,"3,12"
5,09/11/2007,"3,13"
5,12/11/2007,"3,13"
5,13/11/2007,"3,13"
5,14/11/2007,"3,13"
5,15/11/2007,"3,13"
5,16/11/2007,"3,13"
5,19/11/2007,"3,13"
5,20/11/2007,"3,13"
5,21/11/2007,"3,14"
5,22/11/2007,"3,14"
5,23/11/2007,"3,14"
5,26/11/2007,"3,14"
5,27/11/2007,"3,15"
5,28/11/2007,"3,15"
5,29/11/2007,"3,15"
5,30/11/2007,"3,14"
5,03/12/2007,"3,14"
5,04/12/2007,"3,14"
5,05/12/2007,"3,13"
5,06/12/2007,"3,13"
5,07/12/2007,"3,13"
5,10/12/2007,"3,14"
5,11/12/2007,"3,14"
5,12/12/2007,"3,14"
5,13/12/2007,"3,14"
5,14/12/2007,"3,14"
5,17/12/2007,"3,14"
5,18/12/2007,"3,14"
5,19/12/2007,"3,14"
5,20/12/2007,"3,13"
5,21/12/2007,"3,14"
5,26/12/2007,"3,14"
5,27/12/2007,"3,15"
5,28/12/2007,"3,15"
5,02/01/2008,"3,15"
5,03/01/2008,"3,14"
5,04/01/2008,"3,14"
5,07/01/2008,"3,14"
5,08/01/2008,"3,13"
5,09/01/2008,"3,13"
5,10/01/2008,"3,13"
5,11/01/2008,"3,13"
5,14/01/2008,"3,13"
5,15/01/2008,"3,14"
5,16/01/2008,"3,14"
5,17/01/2008,"3,15"
5,18/01/2008,"3,15"
5,21/01/2008,"3,16"
5,22/01/2008,"3,16"
5,23/01/2008,"3,16"
5,24/01/2008,"3,15"
5,25/01/2008,"3,15"
5,28/01/2008,"3,15"
5,29/01/2008,"3,15"
5,30/01/2008,"3,15"
5,31/01/2008,"3,16"
5,01/02/2008,"3,15"
5,04/02/2008,"3,15"
5,05/02/2008,"3,16"
5,06/02/2008,"3,17"
5,07/02/2008,"3,17"
5,08/02/2008,"3,17"
5,11/02/2008,"3,17"
5,12/02/2008,"3,16"
5,13/02/2008,"3,16"
5,14/02/2008,"3,15"
5,15/02/2008,"3,15"
5,18/02/2008,"3,15"
5,19/02/2008,"3,15"
5,20/02/2008,"3,15"
5,21/02/2008,"3,15"
5,22/02/2008,"3,15"
5,25/02/2008,"3,16"
5,26/02/2008,"3,16"
5,27/02/2008,"3,16"
5,28/02/2008,"3,16"
5,29/02/2008,"3,16"
5,03/03/2008,"3,16"
5,04/03/2008,"3,16"
5,05/03/2008,"3,15"
5,06/03/2008,"3,15"
5,07/03/2008,"3,15"
5,10/03/2008,"3,16"
5,11/03/2008,"3,15"
5,12/03/2008,"3,15"
5,13/03/2008,"3,15"
5,14/03/2008,"3,14"
5,17/03/2008,"3,15"
5,18/03/2008,"3,15"
5,19/03/2008,"3,15"
5,25/03/2008,"3,16"
5,26/03/2008,"3,17"
5,27/03/2008,"3,17"
5,28/03/2008,"3,16"
5,31/03/2008,"3,17"
5,01/04/2008,"3,17"
5,03/04/2008,"3,16"
5,04/04/2008,"3,16"
5,07/04/2008,"3,16"
5,08/04/2008,"3,16"
5,09/04/2008,"3,16"
5,10/04/2008,"3,16"
5,11/04/2008,"3,15"
5,14/04/2008,"3,15"
5,15/04/2008,"3,16"
5,16/04/2008,"3,16"
5,17/04/2008,"3,17"
5,18/04/2008,"3,17"
5,21/04/2008,"3,17"
5,22/04/2008,"3,18"
5,23/04/2008,"3,18"
5,24/04/2008,"3,18"
5,25/04/2008,"3,18"
5,28/04/2008,"3,17"
5,29/04/2008,"3,17"
5,30/04/2008,"3,16"
5,02/05/2008,"3,17"
5,05/05/2008,"3,17"
5,06/05/2008,"3,18"
5,07/05/2008,"3,18"
5,08/05/2008,"3,18"
5,09/05/2008,"3,18"
5,12/05/2008,"3,18"
5,13/05/2008,"3,17"
5,14/05/2008,"3,16"
5,15/05/2008,"3,16"
5,16/05/2008,"3,16"
5,19/05/2008,"3,14"
5,20/05/2008,"3,14"
5,21/05/2008,"3,13"
5,22/05/2008,"3,13"
5,23/05/2008,"3,14"
5,26/05/2008,"3,14"
5,27/05/2008,"3,13"
5,28/05/2008,"3,12"
5,29/05/2008,"3,11"
5,30/05/2008,"3,1"
5,02/06/2008,"3,09"
5,03/06/2008,"3,07"
5,04/06/2008,"3,06"
5,05/06/2008,"3,06"
5,06/06/2008,"3,06"
5,09/06/2008,"3,06"
5,10/06/2008,"3,06"
5,11/06/2008,"3,06"
5,12/06/2008,"3,05"
5,13/06/2008,"3,05"
5,17/06/2008,"3,03"
5,18/06/2008,"3,03"
5,19/06/2008,"3,03"
5,20/06/2008,"3,02"
5,23/06/2008,"3,02"
5,24/06/2008,"3,01"
5,25/06/2008,"3,02"
5,26/06/2008,"3,02"
5,27/06/2008,"3,02"
5,30/06/2008,"3,02"
5,01/07/2008,"3,02"
5,02/07/2008,"3,02"
5,03/07/2008,"3,03"
5,04/07/2008,"3,03"
5,07/07/2008,"3,02"
5,08/07/2008,"3,01"
5,10/07/2008,"3,02"
5,11/07/2008,"3,02"
5,14/07/2008,"3,03"
5,15/07/2008,"3,02"
5,16/07/2008,"3,03"
5,17/07/2008,"3,02"
5,18/07/2008,"3,02"
5,21/07/2008,"3,02"
5,22/07/2008,"3,03"
5,23/07/2008,"3,02"
5,24/07/2008,"3,02"
5,25/07/2008,"3,02"
5,28/07/2008,"3,02"
5,29/07/2008,"3,02"
5,30/07/2008,"3,03"
5,31/07/2008,"3,03"
5,01/08/2008,"3,04"
5,04/08/2008,"3,04"
5,05/08/2008,"3,04"
5,06/08/2008,"3,04"
5,07/08/2008,"3,05"
5,08/08/2008,"3,05"
5,11/08/2008,"3,04"
5,12/08/2008,"3,03"
5,13/08/2008,"3,04"
5,14/08/2008,"3,03"
5,15/08/2008,"3,03"
5,19/08/2008,"3,03"
5,20/08/2008,"3,03"
5,21/08/2008,"3,03"
5,22/08/2008,"3,02"
5,25/08/2008,"3,02"
5,26/08/2008,"3,03"
5,27/08/2008,"3,03"
5,28/08/2008,"3,03"
5,29/08/2008,"3,03"
5,01/09/2008,"3,03"
5,02/09/2008,"3,03"
5,03/09/2008,"3,05"
5,04/09/2008,"3,04"
5,05/09/2008,"3,04"
5,08/09/2008,"3,04"
5,09/09/2008,"3,05"
5,10/09/2008,"3,07"
5,11/09/2008,"3,09"
5,12/09/2008,"3,08"
5,15/09/2008,"3,09"
5,16/09/2008,"3,09"
5,17/09/2008,"3,1"
5,18/09/2008,"3,11"
5,19/09/2008,"3,11"
5,22/09/2008,"3,11"
5,23/09/2008,"3,1"
5,24/09/2008,"3,1"
5,25/09/2008,"3,11"
5,26/09/2008,"3,12"
5,29/09/2008,"3,12"
5,30/09/2008,"3,13"
5,01/10/2008,"3,14"
5,02/10/2008,"3,14"
5,03/10/2008,"3,16"
5,06/10/2008,"3,2"
5,07/10/2008,"3,21"
5,08/10/2008,"3,22"
5,09/10/2008,"3,23"
5,10/10/2008,"3,26"
5,14/10/2008,"3,21"
5,15/10/2008,"3,2"
5,16/10/2008,"3,2"
5,17/10/2008,"3,21"
5,20/10/2008,"3,22"
5,21/10/2008,"3,22"
5,22/10/2008,"3,22"
5,23/10/2008,"3,24"
5,24/10/2008,"3,26"
5,27/10/2008,"3,29"
5,28/10/2008,"3,31"
5,29/10/2008,"3,38"
5,30/10/2008,"3,36"
5,31/10/2008,"3,38"
5,03/11/2008,"3,38"
5,04/11/2008,"3,37"
5,05/11/2008,"3,3"
5,07/11/2008,"3,31"
5,10/11/2008,"3,3"
5,11/11/2008,"3,3"
5,12/11/2008,"3,3"
5,13/11/2008,"3,31"
5,14/11/2008,"3,31"
5,17/11/2008,"3,32"
5,18/11/2008,"3,32"
5,19/11/2008,"3,33"
5,20/11/2008,"3,33"
5,21/11/2008,"3,33"
5,24/11/2008,"3,34"
5,25/11/2008,"3,34"
5,26/11/2008,"3,35"
5,27/11/2008,"3,36"
5,28/11/2008,"3,37"
5,01/12/2008,"3,38"
5,02/12/2008,"3,39"
5,03/12/2008,"3,4"
5,04/12/2008,"3,43"
5,05/12/2008,"3,45"
5,09/12/2008,"3,44"
5,10/12/2008,"3,42"
5,11/12/2008,"3,41"
5,12/12/2008,"3,42"
5,15/12/2008,"3,43"
5,16/12/2008,"3,42"
5,17/12/2008,"3,4"
5,18/12/2008,"3,41"
5,19/12/2008,"3,41"
5,22/12/2008,"3,42"
5,23/12/2008,"3,43"
5,24/12/2008,"3,44"
5,26/12/2008,"3,44"
5,29/12/2008,"3,44"
5,30/12/2008,"3,45"
5,31/12/2008,"3,45"
5,02/01/2009,"3,45"
5,05/01/2009,"3,46"
5,06/01/2009,"3,45"
5,07/01/2009,"3,46"
5,08/01/2009,"3,45"
5,09/01/2009,"3,45"
5,12/01/2009,"3,45"
5,13/01/2009,"3,45"
5,14/01/2009,"3,45"
5,15/01/2009,"3,45"
5,16/01/2009,"3,45"
5,19/01/2009,"3,46"
5,20/01/2009,"3,46"
5,21/01/2009,"3,47"
5,22/01/2009,"3,47"
5,23/01/2009,"3,48"
5,26/01/2009,"3,48"
5,27/01/2009,"3,48"
5,28/01/2009,"3,49"
5,29/01/2009,"3,49"
5,30/01/2009,"3,49"
5,02/02/2009,"3,49"
5,03/02/2009,"3,5"
5,04/02/2009,"3,5"
5,05/02/2009,"3,49"
5,06/02/2009,"3,49"
5,09/02/2009,"3,49"
5,10/02/2009,"3,49"
5,11/02/2009,"3,49"
5,12/02/2009,"3,49"
5,13/02/2009,"3,49"
5,16/02/2009,"3,5"
5,17/02/2009,"3,5"
5,18/02/2009,"3,51"
5,19/02/2009,"3,52"
5,20/02/2009,"3,54"
5,23/02/2009,"3,54"
5,24/02/2009,"3,55"
5,25/02/2009,"3,55"
5,26/02/2009,"3,56"
5,27/02/2009,"3,56"
5,02/03/2009,"3,59"
5,03/03/2009,"3,61"
5,04/03/2009,"3,61"
5,05/03/2009,"3,62"
5,06/03/2009,"3,63"
5,09/03/2009,"3,64"
5,10/03/2009,"3,64"
5,11/03/2009,"3,64"
5,12/03/2009,"3,65"
5,13/03/2009,"3,65"
5,16/03/2009,"3,65"
5,17/03/2009,"3,65"
5,18/03/2009,"3,65"
5,19/03/2009,"3,66"
5,20/03/2009,"3,65"
5,23/03/2009,"3,67"
5,25/03/2009,"3,69"
5,26/03/2009,"3,69"
5,27/03/2009,"3,71"
5,30/03/2009,"3,72"
5,31/03/2009,"3,71"
5,01/04/2009,"3,72"
5,03/04/2009,"3,7"
5,06/04/2009,"3,68"
5,07/04/2009,"3,67"
5,08/04/2009,"3,68"
5,13/04/2009,"3,68"
5,14/04/2009,"3,68"
5,15/04/2009,"3,68"
5,16/04/2009,"3,68"
5,17/04/2009,"3,68"
5,20/04/2009,"3,69"
5,21/04/2009,"3,69"
5,22/04/2009,"3,7"
5,23/04/2009,"3,7"
5,24/04/2009,"3,7"
5,27/04/2009,"3,7"
5,28/04/2009,"3,71"
5,29/04/2009,"3,72"
5,30/04/2009,"3,72"
5,04/05/2009,"3,69"
5,05/05/2009,"3,69"
5,06/05/2009,"3,7"
5,07/05/2009,"3,72"
5,08/05/2009,"3,72"
5,11/05/2009,"3,72"
5,12/05/2009,"3,72"
5,13/05/2009,"3,72"
5,14/05/2009,"3,73"
5,15/05/2009,"3,73"
5,18/05/2009,"3,73"
5,19/05/2009,"3,73"
5,20/05/2009,"3,73"
5,21/05/2009,"3,73"
5,22/05/2009,"3,74"
5,26/05/2009,"3,74"
5,27/05/2009,"3,74"
5,28/05/2009,"3,74"
5,29/05/2009,"3,75"
5,01/06/2009,"3,75"
5,02/06/2009,"3,74"
5,03/06/2009,"3,74"
5,04/06/2009,"3,74"
5,05/06/2009,"3,75"
5,08/06/2009,"3,76"
5,09/06/2009,"3,76"
5,10/06/2009,"3,76"
5,11/06/2009,"3,76"
5,12/06/2009,"3,76"
5,16/06/2009,"3,77"
5,17/06/2009,"3,77"
5,18/06/2009,"3,77"
5,19/06/2009,"3,77"
5,22/06/2009,"3,78"
5,23/06/2009,"3,79"
5,24/06/2009,"3,79"
5,25/06/2009,"3,8"
5,26/06/2009,"3,8"
5,29/06/2009,"3,79"
5,30/06/2009,"3,8"
5,01/07/2009,"3,8"
5,02/07/2009,"3,8"
5,03/07/2009,"3,8"
5,06/07/2009,"3,81"
5,07/07/2009,"3,8"
5,08/07/2009,"3,81"
5,13/07/2009,"3,81"
5,14/07/2009,"3,81"
5,15/07/2009,"3,81"
5,16/07/2009,"3,81"
5,17/07/2009,"3,81"
5,20/07/2009,"3,81"
5,21/07/2009,"3,81"
5,22/07/2009,"3,81"
5,23/07/2009,"3,81"
5,24/07/2009,"3,81"
5,27/07/2009,"3,81"
5,28/07/2009,"3,81"
5,29/07/2009,"3,82"
5,30/07/2009,"3,83"
5,31/07/2009,"3,83"
5,03/08/2009,"3,83"
5,04/08/2009,"3,82"
5,05/08/2009,"3,82"
5,06/08/2009,"3,82"
5,07/08/2009,"3,83"
5,10/08/2009,"3,83"
5,11/08/2009,"3,83"
5,12/08/2009,"3,83"
5,13/08/2009,"3,84"
5,14/08/2009,"3,84"
5,18/08/2009,"3,84"
5,19/08/2009,"3,85"
5,20/08/2009,"3,85"
5,21/08/2009,"3,85"
5,24/08/2009,"3,85"
5,25/08/2009,"3,85"
5,26/08/2009,"3,85"
5,27/08/2009,"3,85"
5,28/08/2009,"3,85"
5,31/08/2009,"3,85"
5,01/09/2009,"3,85"
5,02/09/2009,"3,85"
5,03/09/2009,"3,85"
5,04/09/2009,"3,85"
5,07/09/2009,"3,85"
5,08/09/2009,"3,85"
5,09/09/2009,"3,85"
5,10/09/2009,"3,85"
5,11/09/2009,"3,85"
5,14/09/2009,"3,85"
5,15/09/2009,"3,83"
5,16/09/2009,"3,83"
5,17/09/2009,"3,83"
5,18/09/2009,"3,84"
5,21/09/2009,"3,84"
5,22/09/2009,"3,83"
5,23/09/2009,"3,84"
5,24/09/2009,"3,84"
5,25/09/2009,"3,84"
5,28/09/2009,"3,84"
5,29/09/2009,"3,84"
5,30/09/2009,"3,84"
5,01/10/2009,"3,84"
5,02/10/2009,"3,85"
5,05/10/2009,"3,84"
5,06/10/2009,"3,83"
5,07/10/2009,"3,83"
5,08/10/2009,"3,83"
5,09/10/2009,"3,83"
5,13/10/2009,"3,82"
5,14/10/2009,"3,82"
5,15/10/2009,"3,82"
5,16/10/2009,"3,82"
5,19/10/2009,"3,82"
5,20/10/2009,"3,82"
5,21/10/2009,"3,82"
5,22/10/2009,"3,82"
5,23/10/2009,"3,82"
5,26/10/2009,"3,82"
5,27/10/2009,"3,82"
5,28/10/2009,"3,82"
5,29/10/2009,"3,82"
5,30/10/2009,"3,82"
5,02/11/2009,"3,82"
5,03/11/2009,"3,82"
5,04/11/2009,"3,82"
5,05/11/2009,"3,82"
5,09/11/2009,"3,82"
5,10/11/2009,"3,82"
5,11/11/2009,"3,81"
5,12/11/2009,"3,81"
5,13/11/2009,"3,81"
5,16/11/2009,"3,81"
5,17/11/2009,"3,82"
5,18/11/2009,"3,81"
5,19/11/2009,"3,81"
5,20/11/2009,"3,8"
5,23/11/2009,"3,8"
5,24/11/2009,"3,8"
5,25/11/2009,"3,8"
5,26/11/2009,"3,81"
5,27/11/2009,"3,81"
5,30/11/2009,"3,81"
5,01/12/2009,"3,81"
5,02/12/2009,"3,81"
5,03/12/2009,"3,81"
5,04/12/2009,"3,81"
5,07/12/2009,"3,81"
5,09/12/2009,"3,8"
5,10/12/2009,"3,8"
5,11/12/2009,"3,8"
5,14/12/2009,"3,81"
5,15/12/2009,"3,82"
5,16/12/2009,"3,81"
5,17/12/2009,"3,81"
5,18/12/2009,"3,82"
5,21/12/2009,"3,81"
5,22/12/2009,"3,81"
5,23/12/2009,"3,8"
5,24/12/2009,"3,79"
5,28/12/2009,"3,79"
5,29/12/2009,"3,82"
5,30/12/2009,"3,82"
5,31/12/2009,"3,8"
5,04/01/2010,"3,8"
5,05/01/2010,"3,8"
5,06/01/2010,"3,81"
5,07/01/2010,"3,8"
5,08/01/2010,"3,8"
5,11/01/2010,"3,8"
5,12/01/2010,"3,79"
5,13/01/2010,"3,8"
5,14/01/2010,"3,8"
5,15/01/2010,"3,8"
5,18/01/2010,"3,8"
5,19/01/2010,"3,8"
5,20/01/2010,"3,8"
5,21/01/2010,"3,81"
5,22/01/2010,"3,81"
5,25/01/2010,"3,81"
5,26/01/2010,"3,81"
5,27/01/2010,"3,82"
5,28/01/2010,"3,82"
5,29/01/2010,"3,82"
5,01/02/2010,"3,84"
5,02/02/2010,"3,83"
5,03/02/2010,"3,83"
5,04/02/2010,"3,84"
5,05/02/2010,"3,84"
5,08/02/2010,"3,84"
5,09/02/2010,"3,84"
5,10/02/2010,"3,85"
5,11/02/2010,"3,85"
5,12/02/2010,"3,85"
5,15/02/2010,"3,86"
5,16/02/2010,"3,86"
5,17/02/2010,"3,86"
5,18/02/2010,"3,86"
5,19/02/2010,"3,86"
5,22/02/2010,"3,86"
5,23/02/2010,"3,87"
5,24/02/2010,"3,86"
5,25/02/2010,"3,86"
5,26/02/2010,"3,86"
5,01/03/2010,"3,86"
5,02/03/2010,"3,86"
5,03/03/2010,"3,85"
5,04/03/2010,"3,86"
5,05/03/2010,"3,86"
5,08/03/2010,"3,86"
5,09/03/2010,"3,86"
5,10/03/2010,"3,86"
5,11/03/2010,"3,86"
5,12/03/2010,"3,86"
5,15/03/2010,"3,86"
5,16/03/2010,"3,86"
5,17/03/2010,"3,86"
5,18/03/2010,"3,86"
5,19/03/2010,"3,86"
5,22/03/2010,"3,86"
5,23/03/2010,"3,86"
5,25/03/2010,"3,87"
5,26/03/2010,"3,87"
5,29/03/2010,"3,87"
5,30/03/2010,"3,87"
5,31/03/2010,"3,88"
5,05/04/2010,"3,88"
5,06/04/2010,"3,88"
5,07/04/2010,"3,88"
5,08/04/2010,"3,88"
5,09/04/2010,"3,87"
5,12/04/2010,"3,88"
5,13/04/2010,"3,88"
5,14/04/2010,"3,88"
5,15/04/2010,"3,87"
5,16/04/2010,"3,87"
5,19/04/2010,"3,87"
5,20/04/2010,"3,87"
5,21/04/2010,"3,87"
5,22/04/2010,"3,87"
5,23/04/2010,"3,87"
5,26/04/2010,"3,87"
5,27/04/2010,"3,88"
5,28/04/2010,"3,88"
5,29/04/2010,"3,88"
5,30/04/2010,"3,89"
5,03/05/2010,"3,89"
5,04/05/2010,"3,89"
5,05/05/2010,"3,9"
5,06/05/2010,"3,9"
5,07/05/2010,"3,9"
5,10/05/2010,"3,89"
5,11/05/2010,"3,9"
5,12/05/2010,"3,9"
5,13/05/2010,"3,9"
5,14/05/2010,"3,9"
5,17/05/2010,"3,9"
5,18/05/2010,"3,91"
5,19/05/2010,"3,91"
5,20/05/2010,"3,91"
5,21/05/2010,"3,91"
5,26/05/2010,"3,91"
5,27/05/2010,"3,91"
5,28/05/2010,"3,91"
5,31/05/2010,"3,93"
5,01/06/2010,"3,93"
5,02/06/2010,"3,93"
5,03/06/2010,"3,92"
5,04/06/2010,"3,92"
5,07/06/2010,"3,93"
5,08/06/2010,"3,92"
5,09/06/2010,"3,92"
5,10/06/2010,"3,92"
5,11/06/2010,"3,92"
5,14/06/2010,"3,93"
5,15/06/2010,"3,93"
5,16/06/2010,"3,93"
5,17/06/2010,"3,93"
5,18/06/2010,"3,93"
5,22/06/2010,"3,93"
5,23/06/2010,"3,93"
5,24/06/2010,"3,93"
5,25/06/2010,"3,93"
5,28/06/2010,"3,93"
5,29/06/2010,"3,93"
5,30/06/2010,"3,93"
5,01/07/2010,"3,93"
5,02/07/2010,"3,93"
5,05/07/2010,"3,94"
5,06/07/2010,"3,93"
5,07/07/2010,"3,94"
5,08/07/2010,"3,94"
5,12/07/2010,"3,94"
5,13/07/2010,"3,94"
5,14/07/2010,"3,93"
5,15/07/2010,"3,93"
5,16/07/2010,"3,94"
5,19/07/2010,"3,93"
5,20/07/2010,"3,94"
5,21/07/2010,"3,93"
5,22/07/2010,"3,93"
5,23/07/2010,"3,93"
5,26/07/2010,"3,93"
5,27/07/2010,"3,93"
5,28/07/2010,"3,93"
5,29/07/2010,"3,94"
5,30/07/2010,"3,94"
5,02/08/2010,"3,94"
5,03/08/2010,"3,94"
5,04/08/2010,"3,93"
5,05/08/2010,"3,93"
5,06/08/2010,"3,93"
5,09/08/2010,"3,93"
5,10/08/2010,"3,93"
5,11/08/2010,"3,93"
5,12/08/2010,"3,93"
5,13/08/2010,"3,93"
5,17/08/2010,"3,93"
5,18/08/2010,"3,93"
5,19/08/2010,"3,94"
5,20/08/2010,"3,94"
5,23/08/2010,"3,94"
5,24/08/2010,"3,94"
5,25/08/2010,"3,95"
5,26/08/2010,"3,94"
5,27/08/2010,"3,94"
5,30/08/2010,"3,94"
5,31/08/2010,"3,95"
5,01/09/2010,"3,95"
5,02/09/2010,"3,95"
5,03/09/2010,"3,94"
5,06/09/2010,"3,95"
5,07/09/2010,"3,95"
5,08/09/2010,"3,95"
5,09/09/2010,"3,95"
5,10/09/2010,"3,95"
5,13/09/2010,"3,95"
5,14/09/2010,"3,95"
5,15/09/2010,"3,95"
5,16/09/2010,"3,95"
5,17/09/2010,"3,95"
5,20/09/2010,"3,95"
5,21/09/2010,"3,95"
5,22/09/2010,"3,95"
5,23/09/2010,"3,95"
5,24/09/2010,"3,96"
5,27/09/2010,"3,96"
5,28/09/2010,"3,97"
5,29/09/2010,"3,97"
5,30/09/2010,"3,96"
5,01/10/2010,"3,96"
5,04/10/2010,"3,96"
5,05/10/2010,"3,96"
5,06/10/2010,"3,96"
5,07/10/2010,"3,96"
5,08/10/2010,"3,96"
5,12/10/2010,"3,96"
5,13/10/2010,"3,95"
5,14/10/2010,"3,95"
5,15/10/2010,"3,95"
5,18/10/2010,"3,96"
5,19/10/2010,"3,96"
5,20/10/2010,"3,96"
5,21/10/2010,"3,96"
5,22/10/2010,"3,96"
5,25/10/2010,"3,96"
5,26/10/2010,"3,96"
5,28/10/2010,"3,96"
5,29/10/2010,"3,96"
5,01/11/2010,"3,96"
5,02/11/2010,"3,96"
5,03/11/2010,"3,96"
5,04/11/2010,"3,96"
5,05/11/2010,"3,96"
5,08/11/2010,"3,96"
5,09/11/2010,"3,96"
5,10/11/2010,"3,96"
5,11/11/2010,"3,96"
5,12/11/2010,"3,96"
5,15/11/2010,"3,97"
5,16/11/2010,"3,97"
5,17/11/2010,"3,98"
5,18/11/2010,"3,97"
5,19/11/2010,"3,97"
5,23/11/2010,"3,97"
5,24/11/2010,"3,97"
5,25/11/2010,"3,97"
5,26/11/2010,"3,98"
5,29/11/2010,"3,98"
5,30/11/2010,"3,98"
5,01/12/2010,"3,99"
5,02/12/2010,"3,98"
5,03/12/2010,"3,98"
5,06/12/2010,"3,98"
5,07/12/2010,"3,98"
5,09/12/2010,"3,98"
5,10/12/2010,"3,98"
5,13/12/2010,"3,97"
5,14/12/2010,"3,97"
5,15/12/2010,"3,97"
5,16/12/2010,"3,98"
5,17/12/2010,"3,98"
5,20/12/2010,"3,97"
5,21/12/2010,"3,97"
5,22/12/2010,"3,97"
5,23/12/2010,"3,98"
5,27/12/2010,"3,98"
5,28/12/2010,"3,99"
5,29/12/2010,"3,98"
5,30/12/2010,"3,98"
5,03/01/2011,"3,97"
5,04/01/2011,"3,97"
5,05/01/2011,"3,97"
5,06/01/2011,"3,97"
5,07/01/2011,"3,97"
5,10/01/2011,"3,98"
5,11/01/2011,"3,98"
5,12/01/2011,"3,98"
5,13/01/2011,"3,98"
5,14/01/2011,"3,98"
5,17/01/2011,"3,98"
5,18/01/2011,"3,98"
5,19/01/2011,"3,98"
5,20/01/2011,"3,98"
5,21/01/2011,"3,98"
5,24/01/2011,"3,98"
5,25/01/2011,"3,99"
5,26/01/2011,"3,99"
5,27/01/2011,"3,99"
5,28/01/2011,4
5,31/01/2011,4
5,01/02/2011,"4,01"
5,02/02/2011,"4,01"
5,03/02/2011,"4,01"
5,04/02/2011,"4,02"
5,07/02/2011,"4,02"
5,08/02/2011,"4,02"
5,09/02/2011,"4,02"
5,10/02/2011,"4,02"
5,11/02/2011,"4,02"
5,14/02/2011,"4,02"
5,15/02/2011,"4,02"
5,16/02/2011,"4,02"
5,17/02/2011,"4,02"
5,18/02/2011,"4,02"
5,21/02/2011,"4,03"
5,22/02/2011,"4,03"
5,23/02/2011,"4,03"
5,24/02/2011,"4,03"
5,25/02/2011,"4,03"
5,28/02/2011,"4,03"
5,01/03/2011,"4,03"
5,02/03/2011,"4,03"
5,03/03/2011,"4,03"
5,04/03/2011,"4,03"
5,09/03/2011,"4,03"
5,10/03/2011,"4,03"
5,11/03/2011,"4,03"
5,14/03/2011,"4,03"
5,15/03/2011,"4,03"
5,16/03/2011,"4,04"
5,17/03/2011,"4,04"
5,18/03/2011,"4,04"
5,21/03/2011,"4,04"
5,22/03/2011,"4,04"
5,23/03/2011,"4,04"
5,28/03/2011,"4,04"
5,29/03/2011,"4,05"
5,30/03/2011,"4,05"
5,31/03/2011,"4,05"
5,01/04/2011,"4,05"
5,04/04/2011,"4,05"
5,05/04/2011,"4,05"
5,06/04/2011,"4,05"
5,07/04/2011,"4,05"
5,08/04/2011,"4,05"
5,11/04/2011,"4,05"
5,12/04/2011,"4,05"
5,13/04/2011,"4,06"
5,14/04/2011,"4,07"
5,15/04/2011,"4,07"
5,18/04/2011,"4,07"
5,19/04/2011,"4,08"
5,20/04/2011,"4,08"
5,25/04/2011,"4,08"
5,26/04/2011,"4,08"
5,27/04/2011,"4,08"
5,28/04/2011,"4,08"
5,29/04/2011,"4,08"
5,02/05/2011,"4,08"
5,03/05/2011,"4,08"
5,04/05/2011,"4,08"
5,05/05/2011,"4,08"
5,06/05/2011,"4,08"
5,09/05/2011,"4,08"
5,10/05/2011,"4,08"
5,11/05/2011,"4,08"
5,12/05/2011,"4,08"
5,13/05/2011,"4,08"
5,16/05/2011,"4,08"
5,17/05/2011,"4,09"
5,18/05/2011,"4,09"
5,19/05/2011,"4,09"
5,20/05/2011,"4,09"
5,23/05/2011,"4,09"
5,24/05/2011,"4,09"
5,26/05/2011,"4,09"
5,27/05/2011,"4,09"
5,30/05/2011,"4,09"
5,31/05/2011,"4,09"
5,01/06/2011,"4,09"
5,02/06/2011,"4,09"
5,03/06/2011,"4,09"
5,06/06/2011,"4,09"
5,07/06/2011,"4,09"
5,08/06/2011,"4,09"
5,09/06/2011,"4,09"
5,10/06/2011,"4,09"
5,13/06/2011,"4,09"
5,14/06/2011,"4,09"
5,15/06/2011,"4,09"
5,16/06/2011,"4,09"
5,17/06/2011,"4,09"
5,21/06/2011,"4,1"
5,22/06/2011,"4,1"
5,23/06/2011,"4,1"
5,24/06/2011,"4,1"
5,27/06/2011,"4,1"
5,28/06/2011,"4,1"
5,29/06/2011,"4,11"
5,30/06/2011,"4,11"
5,01/07/2011,"4,11"
5,04/07/2011,"4,11"
5,05/07/2011,"4,12"
5,06/07/2011,"4,12"
5,07/07/2011,"4,12"
5,08/07/2011,"4,12"
5,11/07/2011,"4,12"
5,12/07/2011,"4,12"
5,13/07/2011,"4,12"
5,14/07/2011,"4,12"
5,15/07/2011,"4,12"
5,18/07/2011,"4,13"
5,19/07/2011,"4,13"
5,20/07/2011,"4,14"
5,21/07/2011,"4,14"
5,22/07/2011,"4,14"
5,25/07/2011,"4,14"
5,26/07/2011,"4,14"
5,27/07/2011,"4,14"
5,28/07/2011,"4,14"
5,29/07/2011,"4,14"
5,01/08/2011,"4,15"
5,02/08/2011,"4,15"
5,03/08/2011,"4,15"
5,04/08/2011,"4,15"
5,05/08/2011,"4,15"
5,08/08/2011,"4,16"
5,09/08/2011,"4,16"
5,10/08/2011,"4,16"
5,11/08/2011,"4,16"
5,12/08/2011,"4,16"
5,15/08/2011,"4,16"
5,16/08/2011,"4,16"
5,17/08/2011,"4,17"
5,18/08/2011,"4,17"
5,19/08/2011,"4,18"
5,23/08/2011,"4,18"
5,24/08/2011,"4,19"
5,25/08/2011,"4,19"
5,26/08/2011,"4,19"
5,29/08/2011,"4,19"
5,30/08/2011,"4,19"
5,31/08/2011,"4,2"
5,01/09/2011,"4,21"
5,02/09/2011,"4,22"
5,05/09/2011,"4,21"
5,06/09/2011,"4,21"
5,07/09/2011,"4,21"
5,08/09/2011,"4,21"
5,09/09/2011,"4,2"
5,12/09/2011,"4,2"
5,13/09/2011,"4,2"
5,14/09/2011,"4,2"
5,15/09/2011,"4,2"
5,16/09/2011,"4,2"
5,19/09/2011,"4,2"
5,20/09/2011,"4,2"
5,21/09/2011,"4,19"
5,22/09/2011,"4,2"
5,23/09/2011,"4,2"
5,26/09/2011,"4,2"
5,27/09/2011,"4,2"
5,28/09/2011,"4,2"
5,29/09/2011,"4,2"
5,30/09/2011,"4,2"
5,03/10/2011,"4,2"
5,04/10/2011,"4,2"
5,05/10/2011,"4,21"
5,06/10/2011,"4,21"
5,07/10/2011,"4,21"
5,11/10/2011,"4,21"
5,12/10/2011,"4,21"
5,13/10/2011,"4,21"
5,14/10/2011,"4,21"
5,17/10/2011,"4,22"
5,18/10/2011,"4,22"
5,19/10/2011,"4,23"
5,20/10/2011,"4,23"
5,21/10/2011,"4,23"
5,24/10/2011,"4,24"
5,25/10/2011,"4,24"
5,26/10/2011,"4,24"
5,27/10/2011,"4,24"
5,28/10/2011,"4,24"
5,31/10/2011,"4,24"
5,01/11/2011,"4,24"
5,02/11/2011,"4,25"
5,03/11/2011,"4,25"
5,04/11/2011,"4,25"
5,07/11/2011,"4,26"
5,08/11/2011,"4,26"
5,09/11/2011,"4,26"
5,10/11/2011,"4,26"
5,11/11/2011,"4,26"
5,14/11/2011,"4,27"
5,15/11/2011,"4,27"
5,16/11/2011,"4,26"
5,17/11/2011,"4,26"
5,18/11/2011,"4,26"
5,21/11/2011,"4,26"
5,22/11/2011,"4,26"
5,23/11/2011,"4,26"
5,24/11/2011,"4,26"
5,25/11/2011,"4,26"
5,29/11/2011,"4,27"
5,30/11/2011,"4,28"
5,01/12/2011,"4,28"
5,02/12/2011,"4,28"
5,05/12/2011,"4,29"
5,06/12/2011,"4,28"
5,07/12/2011,"4,28"
5,12/12/2011,"4,28"
5,13/12/2011,"4,28"
5,14/12/2011,"4,28"
5,15/12/2011,"4,28"
5,16/12/2011,"4,29"
5,19/12/2011,"4,29"
5,20/12/2011,"4,29"
5,21/12/2011,"4,29"
5,22/12/2011,"4,29"
5,23/12/2011,"4,29"
5,27/12/2011,"4,3"
5,28/12/2011,"4,3"
5,29/12/2011,"4,3"
5,30/12/2011,"4,3"
5,03/01/2012,"4,31"
5,04/01/2012,"4,3"
5,05/01/2012,"4,31"
5,06/01/2012,"4,32"
5,09/01/2012,"4,32"
5,10/01/2012,"4,31"
5,11/01/2012,"4,31"
5,12/01/2012,"4,31"
5,13/01/2012,"4,31"
5,16/01/2012,"4,31"
5,17/01/2012,"4,32"
5,18/01/2012,"4,32"
5,19/01/2012,"4,32"
5,20/01/2012,"4,32"
5,23/01/2012,"4,33"
5,24/01/2012,"4,33"
5,25/01/2012,"4,34"
5,26/01/2012,"4,34"
5,27/01/2012,"4,34"
5,30/01/2012,"4,33"
5,31/01/2012,"4,34"
5,01/02/2012,"4,34"
5,02/02/2012,"4,33"
5,03/02/2012,"4,33"
5,06/02/2012,"4,33"
5,07/02/2012,"4,34"
5,08/02/2012,"4,34"
5,09/02/2012,"4,34"
5,10/02/2012,"4,35"
5,13/02/2012,"4,35"
5,14/02/2012,"4,35"
5,15/02/2012,"4,35"
5,16/02/2012,"4,35"
5,17/02/2012,"4,36"
5,22/02/2012,"4,36"
5,23/02/2012,"4,36"
5,24/02/2012,"4,35"
5,28/02/2012,"4,36"
5,29/02/2012,"4,36"
5,01/03/2012,"4,35"
5,02/03/2012,"4,34"
5,05/03/2012,"4,33"
5,06/03/2012,"4,34"
5,07/03/2012,"4,34"
5,08/03/2012,"4,34"
5,09/03/2012,"4,34"
5,12/03/2012,"4,35"
5,13/03/2012,"4,35"
5,14/03/2012,"4,36"
5,15/03/2012,"4,36"
5,16/03/2012,"4,35"
5,19/03/2012,"4,36"
5,20/03/2012,"4,36"
5,21/03/2012,"4,37"
5,22/03/2012,"4,37"
5,23/03/2012,"4,37"
5,26/03/2012,"4,37"
5,27/03/2012,"4,37"
5,28/03/2012,"4,37"
5,29/03/2012,"4,38"
5,30/03/2012,"4,38"
5,03/04/2012,"4,38"
5,04/04/2012,"4,38"
5,09/04/2012,"4,39"
5,10/04/2012,"4,38"
5,11/04/2012,"4,39"
5,12/04/2012,"4,39"
5,13/04/2012,"4,39"
5,16/04/2012,"4,4"
5,17/04/2012,"4,39"
5,18/04/2012,"4,4"
5,19/04/2012,"4,4"
5,20/04/2012,"4,41"
5,23/04/2012,"4,41"
5,24/04/2012,"4,41"
5,25/04/2012,"4,41"
5,26/04/2012,"4,41"
5,27/04/2012,"4,41"
5,02/05/2012,"4,42"
5,03/05/2012,"4,43"
5,04/05/2012,"4,43"
5,07/05/2012,"4,43"
5,08/05/2012,"4,44"
5,09/05/2012,"4,44"
5,10/05/2012,"4,44"
5,11/05/2012,"4,44"
5,14/05/2012,"4,44"
5,15/05/2012,"4,44"
5,16/05/2012,"4,44"
5,17/05/2012,"4,45"
5,18/05/2012,"4,45"
5,21/05/2012,"4,46"
5,22/05/2012,"4,47"
5,23/05/2012,"4,47"
5,24/05/2012,"4,47"
5,28/05/2012,"4,48"
5,29/05/2012,"4,47"
5,30/05/2012,"4,47"
5,31/05/2012,"4,47"
5,01/06/2012,"4,47"
5,04/06/2012,"4,47"
5,05/06/2012,"4,48"
5,06/06/2012,"4,49"
5,07/06/2012,"4,49"
5,08/06/2012,"4,49"
5,11/06/2012,"4,49"
5,12/06/2012,"4,49"
5,13/06/2012,"4,49"
5,14/06/2012,"4,5"
5,15/06/2012,"4,5"
5,18/06/2012,"4,5"
5,19/06/2012,"4,5"
5,21/06/2012,"4,51"
5,22/06/2012,"4,51"
5,25/06/2012,"4,51"
5,26/06/2012,"4,52"
5,27/06/2012,"4,52"
5,28/06/2012,"4,52"
5,29/06/2012,"4,53"
5,02/07/2012,"4,53"
5,03/07/2012,"4,53"
5,04/07/2012,"4,53"
5,05/07/2012,"4,53"
5,06/07/2012,"4,53"
5,10/07/2012,"4,54"
5,11/07/2012,"4,54"
5,12/07/2012,"4,54"
5,13/07/2012,"4,55"
5,16/07/2012,"4,55"
5,17/07/2012,"4,55"
5,18/07/2012,"4,55"
5,19/07/2012,"4,56"
5,20/07/2012,"4,56"
5,23/07/2012,"4,57"
5,24/07/2012,"4,57"
5,25/07/2012,"4,57"
5,26/07/2012,"4,57"
5,27/07/2012,"4,58"
5,30/07/2012,"4,58"
5,31/07/2012,"4,58"
5,01/08/2012,"4,59"
5,02/08/2012,"4,59"
5,03/08/2012,"4,59"
5,06/08/2012,"4,59"
5,07/08/2012,"4,59"
5,08/08/2012,"4,6"
5,09/08/2012,"4,6"
5,10/08/2012,"4,6"
5,13/08/2012,"4,6"
5,14/08/2012,"4,61"
5,15/08/2012,"4,61"
5,16/08/2012,"4,61"
5,17/08/2012,"4,61"
5,21/08/2012,"4,62"
5,22/08/2012,"4,62"
5,23/08/2012,"4,62"
5,24/08/2012,"4,62"
5,27/08/2012,"4,63"
5,28/08/2012,"4,63"
5,29/08/2012,"4,63"
5,30/08/2012,"4,63"
5,31/08/2012,"4,63"
5,03/09/2012,"4,64"
5,04/09/2012,"4,64"
5,05/09/2012,"4,65"
5,06/09/2012,"4,65"
5,07/09/2012,"4,66"
5,10/09/2012,"4,66"
5,11/09/2012,"4,66"
5,12/09/2012,"4,66"
5,13/09/2012,"4,66"
5,14/09/2012,"4,67"
5,17/09/2012,"4,67"
5,18/09/2012,"4,68"
5,19/09/2012,"4,68"
5,20/09/2012,"4,68"
5,21/09/2012,"4,68"
5,25/09/2012,"4,69"
5,26/09/2012,"4,69"
5,27/09/2012,"4,69"
5,28/09/2012,"4,69"
5,01/10/2012,"4,7"
5,02/10/2012,"4,7"
5,03/10/2012,"4,7"
5,04/10/2012,"4,7"
5,05/10/2012,"4,71"
5,09/10/2012,"4,71"
5,10/10/2012,"4,71"
5,11/10/2012,"4,72"
5,12/10/2012,"4,72"
5,15/10/2012,"4,73"
5,16/10/2012,"4,73"
5,17/10/2012,"4,73"
5,18/10/2012,"4,73"
5,19/10/2012,"4,74"
5,22/10/2012,"4,74"
5,23/10/2012,"4,74"
5,24/10/2012,"4,75"
5,25/10/2012,"4,75"
5,26/10/2012,"4,75"
5,29/10/2012,"4,76"
5,30/10/2012,"4,76"
5,31/10/2012,"4,77"
5,01/11/2012,"4,77"
5,02/11/2012,"4,77"
5,05/11/2012,"4,77"
5,07/11/2012,"4,77"
5,08/11/2012,"4,77"
5,09/11/2012,"4,78"
5,12/11/2012,"4,78"
5,13/11/2012,"4,78"
5,14/11/2012,"4,79"
5,15/11/2012,"4,79"
5,16/11/2012,"4,8"
5,19/11/2012,"4,8"
5,20/11/2012,"4,81"
5,21/11/2012,"4,81"
5,22/11/2012,"4,82"
5,23/11/2012,"4,82"
5,27/11/2012,"4,82"
5,28/11/2012,"4,83"
5,29/11/2012,"4,83"
5,30/11/2012,"4,83"
5,03/12/2012,"4,84"
5,04/12/2012,"4,84"
5,05/12/2012,"4,85"
5,06/12/2012,"4,85"
5,07/12/2012,"4,86"
5,10/12/2012,"4,86"
5,11/12/2012,"4,87"
5,12/12/2012,"4,87"
5,13/12/2012,"4,87"
5,14/12/2012,"4,88"
5,17/12/2012,"4,88"
5,18/12/2012,"4,89"
5,19/12/2012,"4,89"
5,20/12/2012,"4,9"
5,21/12/2012,"4,9"
5,26/12/2012,"4,91"
5,27/12/2012,"4,91"
5,28/12/2012,"4,91"
5,31/12/2012,"4,92"
5,02/01/2013,"4,92"
5,03/01/2013,"4,93"
5,04/01/2013,"4,93"
5,07/01/2013,"4,93"
5,08/01/2013,"4,93"
5,09/01/2013,"4,94"
5,10/01/2013,"4,94"
5,11/01/2013,"4,94"
5,14/01/2013,"4,95"
5,15/01/2013,"4,95"
5,16/01/2013,"4,95"
5,17/01/2013,"4,95"
5,18/01/2013,"4,95"
5,21/01/2013,"4,96"
5,22/01/2013,"4,96"
5,23/01/2013,"4,96"
5,24/01/2013,"4,96"
5,25/01/2013,"4,96"
5,28/01/2013,"4,97"
5,29/01/2013,"4,97"
5,30/01/2013,"4,98"
5,01/02/2013,"4,98"
5,04/02/2013,"4,98"
5,05/02/2013,"4,98"
5,06/02/2013,"4,99"
5,07/02/2013,"4,99"
5,08/02/2013,5
5,13/02/2013,5
5,14/02/2013,5
5,15/02/2013,"5,01"
5,18/02/2013,"5,02"
5,19/02/2013,"5,02"
5,21/02/2013,"5,03"
5,22/02/2013,"5,03"
5,25/02/2013,"5,03"
5,26/02/2013,"5,04"
5,27/02/2013,"5,04"
5,28/02/2013,"5,04"
5,01/03/2013,"5,05"
5,04/03/2013,"5,05"
5,05/03/2013,"5,06"
5,06/03/2013,"5,06"
5,07/03/2013,"5,06"
5,08/03/2013,"5,06"
5,11/03/2013,"5,07"
5,12/03/2013,"5,08"
5,13/03/2013,"5,08"
5,14/03/2013,"5,08"
5,15/03/2013,"5,09"
5,18/03/2013,"5,1"
5,19/03/2013,"5,1"
5,20/03/2013,"5,1"
5,21/03/2013,"5,1"
5,22/03/2013,"5,11"
5,25/03/2013,"5,12"
5,26/03/2013,"5,12"
5,27/03/2013,"5,12"
5,03/04/2013,"5,13"
5,04/04/2013,"5,13"
5,05/04/2013,"5,14"
5,08/04/2013,"5,13"
5,09/04/2013,"5,14"
5,10/04/2013,"5,14"
5,11/04/2013,"5,14"
5,12/04/2013,"5,15"
5,15/04/2013,"5,15"
5,16/04/2013,"5,16"
5,17/04/2013,"5,16"
5,18/04/2013,"5,16"
5,19/04/2013,"5,16"
5,22/04/2013,"5,17"
5,23/04/2013,"5,17"
5,24/04/2013,"5,17"
5,25/04/2013,"5,18"
5,26/04/2013,"5,18"
5,29/04/2013,"5,18"
5,30/04/2013,"5,18"
5,02/05/2013,"5,19"
5,03/05/2013,"5,2"
5,06/05/2013,"5,21"
5,07/05/2013,"5,21"
5,08/05/2013,"5,21"
5,09/05/2013,"5,22"
5,10/05/2013,"5,23"
5,13/05/2013,"5,23"
5,14/05/2013,"5,24"
5,15/05/2013,"5,24"
5,16/05/2013,"5,23"
5,17/05/2013,"5,23"
5,20/05/2013,"5,24"
5,21/05/2013,"5,25"
5,22/05/2013,"5,25"
5,23/05/2013,"5,26"
5,24/05/2013,"5,27"
5,27/05/2013,"5,27"
5,28/05/2013,"5,27"
5,29/05/2013,"5,27"
5,30/05/2013,"5,28"
5,31/05/2013,"5,28"
5,03/06/2013,"5,29"
5,04/06/2013,"5,29"
5,05/06/2013,"5,29"
5,06/06/2013,"5,3"
5,07/06/2013,"5,3"
5,10/06/2013,"5,31"
5,11/06/2013,"5,31"
5,12/06/2013,"5,32"
5,13/06/2013,"5,33"
5,14/06/2013,"5,33"
5,17/06/2013,"5,34"
5,18/06/2013,"5,34"
5,19/06/2013,"5,35"
5,24/06/2013,"5,36"
5,25/06/2013,"5,36"
5,26/06/2013,"5,37"
5,27/06/2013,"5,38"
5,28/06/2013,"5,39"
5,01/07/2013,"5,39"
5,02/07/2013,"5,39"
5,03/07/2013,"5,4"
5,04/07/2013,"5,41"
5,05/07/2013,"5,4"
5,08/07/2013,"5,41"
5,10/07/2013,"5,41"
5,11/07/2013,"5,42"
5,12/07/2013,"5,42"
5,15/07/2013,"5,43"
5,16/07/2013,"5,43"
5,17/07/2013,"5,44"
5,18/07/2013,"5,45"
5,19/07/2013,"5,46"
5,22/07/2013,"5,46"
5,23/07/2013,"5,46"
5,24/07/2013,"5,46"
5,25/07/2013,"5,47"
5,26/07/2013,"5,48"
5,29/07/2013,"5,49"
5,30/07/2013,"5,5"
5,31/07/2013,"5,51"
5,01/08/2013,"5,51"
5,02/08/2013,"5,52"
5,05/08/2013,"5,52"
5,06/08/2013,"5,53"
5,07/08/2013,"5,53"
5,08/08/2013,"5,54"
5,09/08/2013,"5,54"
5,12/08/2013,"5,55"
5,13/08/2013,"5,56"
5,14/08/2013,"5,57"
5,15/08/2013,"5,57"
5,16/08/2013,"5,59"
5,20/08/2013,"5,6"
5,21/08/2013,"5,6"
5,22/08/2013,"5,61"
5,23/08/2013,"5,62"
5,26/08/2013,"5,63"
5,27/08/2013,"5,64"
5,28/08/2013,"5,65"
5,29/08/2013,"5,66"
5,30/08/2013,"5,67"
5,02/09/2013,"5,68"
5,03/09/2013,"5,69"
5,04/09/2013,"5,7"
5,05/09/2013,"5,71"
5,06/09/2013,"5,7"
5,09/09/2013,"5,7"
5,10/09/2013,"5,71"
5,11/09/2013,"5,72"
5,12/09/2013,"5,72"
5,13/09/2013,"5,72"
5,16/09/2013,"5,73"
5,17/09/2013,"5,74"
5,18/09/2013,"5,75"
5,19/09/2013,"5,76"
5,20/09/2013,"5,76"
5,23/09/2013,"5,77"
5,24/09/2013,"5,77"
5,25/09/2013,"5,77"
5,26/09/2013,"5,78"
5,27/09/2013,"5,79"
5,30/09/2013,"5,79"
5,01/10/2013,"5,8"
5,02/10/2013,"5,8"
5,03/10/2013,"5,81"
5,04/10/2013,"5,81"
5,07/10/2013,"5,82"
5,08/10/2013,"5,82"
5,09/10/2013,"5,82"
5,10/10/2013,"5,83"
5,11/10/2013,"5,83"
5,15/10/2013,"5,84"
5,16/10/2013,"5,84"
5,17/10/2013,"5,85"
5,18/10/2013,"5,85"
5,21/10/2013,"5,86"
5,22/10/2013,"5,86"
5,23/10/2013,"5,86"
5,24/10/2013,"5,87"
5,25/10/2013,"5,88"
5,28/10/2013,"5,89"
5,29/10/2013,"5,89"
5,30/10/2013,"5,9"
5,31/10/2013,"5,91"
5,01/11/2013,"5,92"
5,04/11/2013,"5,94"
5,05/11/2013,"5,95"
5,07/11/2013,"5,94"
5,08/11/2013,"5,96"
5,11/11/2013,"5,97"
5,12/11/2013,"5,97"
5,13/11/2013,"5,98"
5,14/11/2013,"5,99"
5,15/11/2013,"5,99"
5,18/11/2013,6
5,19/11/2013,"6,02"
5,20/11/2013,"6,04"
5,21/11/2013,"6,06"
5,22/11/2013,"6,08"
5,26/11/2013,"6,09"
5,27/11/2013,"6,11"
5,28/11/2013,"6,12"
5,29/11/2013,"6,14"
5,02/12/2013,"6,15"
5,03/12/2013,"6,17"
5,04/12/2013,"6,2"
5,05/12/2013,"6,22"
5,06/12/2013,"6,24"
5,09/12/2013,"6,25"
5,10/12/2013,"6,26"
5,11/12/2013,"6,27"
5,12/12/2013,"6,28"
5,13/12/2013,"6,29"
5,16/12/2013,"6,31"
5,17/12/2013,"6,33"
5,18/12/2013,"6,36"
5,19/12/2013,"6,4"
5,20/12/2013,"6,42"
5,23/12/2013,"6,44"
5,26/12/2013,"6,47"
5,27/12/2013,"6,49"
5,30/12/2013,"6,52"
5,02/01/2014,"6,54"
5,03/01/2014,"6,56"
5,06/01/2014,"6,59"
5,07/01/2014,"6,6"
5,08/01/2014,"6,6"
5,09/01/2014,"6,63"
5,10/01/2014,"6,65"
5,13/01/2014,"6,69"
5,14/01/2014,"6,71"
5,15/01/2014,"6,74"
5,16/01/2014,"6,77"
5,17/01/2014,"6,81"
5,20/01/2014,"6,83"
5,21/01/2014,"6,88"
5,22/01/2014,"6,91"
5,23/01/2014,"7,53"
5,24/01/2014,"8,02"
5,27/01/2014,"8,01"
5,28/01/2014,"8,02"
5,29/01/2014,"8,02"
5,30/01/2014,"8,02"
5,31/01/2014,"8,02"
5,03/02/2014,"8,02"
5,04/02/2014,"8,01"
5,05/02/2014,"7,97"
5,06/02/2014,"7,91"
5,07/02/2014,"7,86"
5,10/02/2014,"7,84"
5,11/02/2014,"7,82"
5,12/02/2014,"7,82"
5,13/02/2014,"7,8"
5,14/02/2014,"7,78"
5,17/02/2014,"7,76"
5,18/02/2014,"7,76"
5,19/02/2014,"7,77"
5,20/02/2014,"7,8"
5,21/02/2014,"7,84"
5,24/02/2014,"7,86"
5,25/02/2014,"7,86"
5,26/02/2014,"7,87"
5,27/02/2014,"7,89"
5,28/02/2014,"7,88"
5,05/03/2014,"7,88"
5,06/03/2014,"7,88"
5,07/03/2014,"7,87"
5,10/03/2014,"7,87"
5,11/03/2014,"7,87"
5,12/03/2014,"7,87"
5,13/03/2014,"7,88"
5,14/03/2014,"7,9"
5,17/03/2014,"7,91"
5,18/03/2014,"7,93"
5,19/03/2014,"7,95"
5,20/03/2014,"7,96"
5,21/03/2014,"7,97"
5,25/03/2014,8
5,26/03/2014,"8,01"
5,27/03/2014,"8,01"
5,28/03/2014,8
5,31/03/2014,"8,01"
5,01/04/2014,8
5,03/04/2014,8
5,04/04/2014,8
5,07/04/2014,8
5,08/04/2014,8
5,09/04/2014,8
5,10/04/2014,8
5,11/04/2014,8
5,14/04/2014,8
5,15/04/2014,8
5,16/04/2014,8
5,21/04/2014,8
5,22/04/2014,8
5,23/04/2014,8
5,24/04/2014,8
5,25/04/2014,8
5,28/04/2014,8
5,29/04/2014,8
5,30/04/2014,8
5,05/05/2014,8
5,06/05/2014,8
5,07/05/2014,8
5,08/05/2014,8
5,09/05/2014,8
5,12/05/2014,"8,01"
5,13/05/2014,"8,02"
5,14/05/2014,"8,03"
5,15/05/2014,"8,05"
5,16/05/2014,"8,06"
5,19/05/2014,"8,06"
5,20/05/2014,"8,06"
5,21/05/2014,"8,06"
5,22/05/2014,"8,06"
5,23/05/2014,"8,07"
5,26/05/2014,"8,07"
5,27/05/2014,"8,07"
5,28/05/2014,"8,07"
5,29/05/2014,"8,08"
5,30/05/2014,"8,08"
5,02/06/2014,"8,08"
5,03/06/2014,"8,09"
5,04/06/2014,"8,1"
5,05/06/2014,"8,12"
5,06/06/2014,"8,14"
5,09/06/2014,"8,13"
5,10/06/2014,"8,13"
5,11/06/2014,"8,13"
5,12/06/2014,"8,13"
5,13/06/2014,"8,13"
5,16/06/2014,"8,14"
5,17/06/2014,"8,13"
5,18/06/2014,"8,13"
5,19/06/2014,"8,13"
5,23/06/2014,"8,13"
5,24/06/2014,"8,13"
5,25/06/2014,"8,13"
5,26/06/2014,"8,13"
5,27/06/2014,"8,13"
5,30/06/2014,"8,13"
5,01/07/2014,"8,13"
5,02/07/2014,"8,14"
5,03/07/2014,"8,14"
5,04/07/2014,"8,14"
5,07/07/2014,"8,14"
5,08/07/2014,"8,14"
5,10/07/2014,"8,15"
5,11/07/2014,"8,15"
5,14/07/2014,"8,15"
5,15/07/2014,"8,15"
5,16/07/2014,"8,15"
5,17/07/2014,"8,16"
5,18/07/2014,"8,16"
5,21/07/2014,"8,16"
5,22/07/2014,"8,16"
5,23/07/2014,"8,17"
5,24/07/2014,"8,17"
5,25/07/2014,"8,18"
5,28/07/2014,"8,18"
5,29/07/2014,"8,19"
5,30/07/2014,"8,2"
5,31/07/2014,"8,21"
5,01/08/2014,"8,22"
5,04/08/2014,"8,25"
5,05/08/2014,"8,27"
5,06/08/2014,"8,27"
5,07/08/2014,"8,27"
5,08/08/2014,"8,27"
5,11/08/2014,"8,27"
5,12/08/2014,"8,27"
5,13/08/2014,"8,27"
5,14/08/2014,"8,28"
5,15/08/2014,"8,28"
5,19/08/2014,"8,28"
5,20/08/2014,"8,3"
5,21/08/2014,"8,35"
5,22/08/2014,"8,42"
5,25/08/2014,"8,41"
5,26/08/2014,"8,41"
5,27/08/2014,"8,41"
5,28/08/2014,"8,41"
5,29/08/2014,"8,4"
5,01/09/2014,"8,41"
5,02/09/2014,"8,41"
5,03/09/2014,"8,41"
5,04/09/2014,"8,4"
5,05/09/2014,"8,41"
5,08/09/2014,"8,42"
5,09/09/2014,"8,41"
5,10/09/2014,"8,4"
5,11/09/2014,"8,4"
5,12/09/2014,"8,4"
5,15/09/2014,"8,4"
5,16/09/2014,"8,4"
5,17/09/2014,"8,41"
5,18/09/2014,"8,42"
5,19/09/2014,"8,42"
5,22/09/2014,"8,43"
5,23/09/2014,"8,43"
5,24/09/2014,"8,43"
5,25/09/2014,"8,43"
5,26/09/2014,"8,44"
5,29/09/2014,"8,46"
5,30/09/2014,"8,46"
5,01/10/2014,"8,45"
5,02/10/2014,"8,45"
5,03/10/2014,"8,46"
5,06/10/2014,"8,46"
5,07/10/2014,"8,47"
5,08/10/2014,"8,46"
5,09/10/2014,"8,47"
5,10/10/2014,"8,48"
5,14/10/2014,"8,48"
5,15/10/2014,"8,48"
5,16/10/2014,"8,48"
5,17/10/2014,"8,48"
5,20/10/2014,"8,48"
5,21/10/2014,"8,5"
5,22/10/2014,"8,49"
5,23/10/2014,"8,49"
5,24/10/2014,"8,49"
5,27/10/2014,"8,5"
5,28/10/2014,"8,5"
5,29/10/2014,"8,5"
5,30/10/2014,"8,5"
5,31/10/2014,"8,5"
5,03/11/2014,"8,51"
5,04/11/2014,"8,51"
5,05/11/2014,"8,51"
5,07/11/2014,"8,51"
5,10/11/2014,"8,51"
5,11/11/2014,"8,51"
5,12/11/2014,"8,51"
5,13/11/2014,"8,51"
5,14/11/2014,"8,51"
5,17/11/2014,"8,51"
5,18/11/2014,"8,51"
5,19/11/2014,"8,51"
5,20/11/2014,"8,51"
5,21/11/2014,"8,52"
5,25/11/2014,"8,52"
5,26/11/2014,"8,52"
5,27/11/2014,"8,53"
5,28/11/2014,"8,53"
5,01/12/2014,"8,53"
5,02/12/2014,"8,54"
5,03/12/2014,"8,54"
5,04/12/2014,"8,54"
5,05/12/2014,"8,55"
5,09/12/2014,"8,56"
5,10/12/2014,"8,55"
5,11/12/2014,"8,55"
5,12/12/2014,"8,55"
5,15/12/2014,"8,55"
5,16/12/2014,"8,55"
5,17/12/2014,"8,55"
5,18/12/2014,"8,55"
5,19/12/2014,"8,55"
5,22/12/2014,"8,55"
5,23/12/2014,"8,55"
5,24/12/2014,"8,55"
5,29/12/2014,"8,55"
5,30/12/2014,"8,55"
5,02/01/2015,"8,55"
5,05/01/2015,"8,56"
5,06/01/2015,"8,57"
5,07/01/2015,"8,58"
5,08/01/2015,"8,59"
5,09/01/2015,"8,59"
5,12/01/2015,"8,59"
5,13/01/2015,"8,59"
5,14/01/2015,"8,6"
5,15/01/2015,"8,6"
5,16/01/2015,"8,6"
5,19/01/2015,"8,6"
5,20/01/2015,"8,61"
5,21/01/2015,"8,61"
5,22/01/2015,"8,62"
5,23/01/2015,"8,63"
5,26/01/2015,"8,63"
5,27/01/2015,"8,63"
5,28/01/2015,"8,63"
5,29/01/2015,"8,63"
5,30/01/2015,"8,64"
5,02/02/2015,"8,65"
5,03/02/2015,"8,66"
5,04/02/2015,"8,66"
5,05/02/2015,"8,66"
5,06/02/2015,"8,66"
5,09/02/2015,"8,66"
5,10/02/2015,"8,67"
5,11/02/2015,"8,68"
5,12/02/2015,"8,68"
5,13/02/2015,"8,68"
5,18/02/2015,"8,69"
5,19/02/2015,"8,69"
5,20/02/2015,"8,7"
5,23/02/2015,"8,71"
5,24/02/2015,"8,72"
5,25/02/2015,"8,72"
5,26/02/2015,"8,73"
5,27/02/2015,"8,72"
5,02/03/2015,"8,73"
5,03/03/2015,"8,74"
5,04/03/2015,"8,74"
5,05/03/2015,"8,75"
5,06/03/2015,"8,76"
5,09/03/2015,"8,76"
5,10/03/2015,"8,77"
5,11/03/2015,"8,77"
5,12/03/2015,"8,78"
5,13/03/2015,"8,78"
5,16/03/2015,"8,78"
5,17/03/2015,"8,79"
5,18/03/2015,"8,79"
5,19/03/2015,"8,79"
5,20/03/2015,"8,8"
5,25/03/2015,"8,8"
5,26/03/2015,"8,8"
5,27/03/2015,"8,81"
5,30/03/2015,"8,82"
5,31/03/2015,"8,82"
5,01/04/2015,"8,83"
5,06/04/2015,"8,83"
5,07/04/2015,"8,83"
5,08/04/2015,"8,84"
5,09/04/2015,"8,84"
5,10/04/2015,"8,85"
5,13/04/2015,"8,85"
5,14/04/2015,"8,86"
5,15/04/2015,"8,86"
5,16/04/2015,"8,87"
5,17/04/2015,"8,87"
5,20/04/2015,"8,87"
5,21/04/2015,"8,87"
5,22/04/2015,"8,88"
5,23/04/2015,"8,88"
5,24/04/2015,"8,89"
5,27/04/2015,"8,89"
5,28/04/2015,"8,9"
5,29/04/2015,"8,9"
5,30/04/2015,"8,9"
5,04/05/2015,"8,91"
5,05/05/2015,"8,91"
5,06/05/2015,"8,92"
5,07/05/2015,"8,92"
5,08/05/2015,"8,93"
5,11/05/2015,"8,93"
5,12/05/2015,"8,94"
5,13/05/2015,"8,94"
5,14/05/2015,"8,94"
5,15/05/2015,"8,95"
5,18/05/2015,"8,95"
5,19/05/2015,"8,96"
5,20/05/2015,"8,96"
5,21/05/2015,"8,97"
5,22/05/2015,"8,97"
5,26/05/2015,"8,97"
5,27/05/2015,"8,98"
5,28/05/2015,"8,98"
5,29/05/2015,"8,99"
5,01/06/2015,9
5,02/06/2015,9
5,03/06/2015,"9,01"
5,04/06/2015,"9,01"
5,05/06/2015,"9,01"
5,08/06/2015,"9,02"
5,09/06/2015,"9,02"
5,10/06/2015,"9,03"
5,11/06/2015,"9,03"
5,12/06/2015,"9,04"
5,15/06/2015,"9,04"
5,16/06/2015,"9,05"
5,17/06/2015,"9,05"
5,18/06/2015,"9,05"
5,19/06/2015,"9,06"
5,22/06/2015,"9,06"
5,23/06/2015,"9,06"
5,24/06/2015,"9,07"
5,25/06/2015,"9,07"
5,26/06/2015,"9,08"
5,29/06/2015,"9,08"
5,30/06/2015,"9,09"
5,01/07/2015,"9,09"
5,02/07/2015,"9,1"
5,03/07/2015,"9,1"
5,06/07/2015,"9,11"
5,07/07/2015,"9,11"
5,08/07/2015,"9,12"
5,10/07/2015,"9,12"
5,13/07/2015,"9,13"
5,14/07/2015,"9,13"
5,15/07/2015,"9,14"
5,16/07/2015,"9,14"
5,17/07/2015,"9,15"
5,20/07/2015,"9,15"
5,21/07/2015,"9,15"
5,22/07/2015,"9,16"
5,23/07/2015,"9,16"
5,24/07/2015,"9,17"
5,27/07/2015,"9,17"
5,28/07/2015,"9,18"
5,29/07/2015,"9,18"
5,30/07/2015,"9,18"
5,31/07/2015,"9,19"
5,03/08/2015,"9,19"
5,04/08/2015,"9,2"
5,05/08/2015,"9,2"
5,06/08/2015,"9,21"
5,07/08/2015,"9,21"
5,10/08/2015,"9,22"
5,11/08/2015,"9,22"
5,12/08/2015,"9,23"
5,13/08/2015,"9,24"
5,14/08/2015,"9,24"
5,18/08/2015,"9,25"
5,19/08/2015,"9,25"
5,20/08/2015,"9,26"
5,21/08/2015,"9,26"
5,24/08/2015,"9,27"
5,25/08/2015,"9,27"
5,26/08/2015,"9,28"
5,27/08/2015,"9,28"
5,28/08/2015,"9,29"
5,31/08/2015,"9,3"
5,01/09/2015,"9,3"
5,02/09/2015,"9,31"
5,03/09/2015,"9,32"
5,04/09/2015,"9,32"
5,07/09/2015,"9,33"
5,08/09/2015,"9,33"
5,09/09/2015,"9,34"
5,10/09/2015,"9,35"
5,11/09/2015,"9,35"
5,14/09/2015,"9,36"
5,15/09/2015,"9,36"
5,16/09/2015,"9,37"
5,17/09/2015,"9,38"
5,18/09/2015,"9,38"
5,21/09/2015,"9,39"
5,22/09/2015,"9,39"
5,23/09/2015,"9,4"
5,24/09/2015,"9,4"
5,25/09/2015,"9,41"
5,28/09/2015,"9,41"
5,29/09/2015,"9,41"
5,30/09/2015,"9,42"
5,01/10/2015,"9,43"
5,02/10/2015,"9,44"
5,05/10/2015,"9,44"
5,06/10/2015,"9,45"
5,07/10/2015,"9,45"
5,08/10/2015,"9,46"
5,09/10/2015,"9,47"
5,13/10/2015,"9,47"
5,14/10/2015,"9,48"
5,15/10/2015,"9,48"
5,16/10/2015,"9,49"
5,19/10/2015,"9,5"
5,20/10/2015,"9,5"
5,21/10/2015,"9,51"
5,22/10/2015,"9,51"
5,23/10/2015,"9,52"
5,26/10/2015,"9,53"
5,27/10/2015,"9,53"
5,28/10/2015,"9,54"
5,29/10/2015,"9,54"
5,30/10/2015,"9,55"
5,02/11/2015,"9,55"
5,03/11/2015,"9,56"
5,04/11/2015,"9,57"
5,05/11/2015,"9,58"
5,09/11/2015,"9,59"
5,10/11/2015,"9,59"
5,11/11/2015,"9,6"
5,12/11/2015,"9,61"
5,13/11/2015,"9,62"
5,16/11/2015,"9,63"
5,17/11/2015,"9,64"
5,18/11/2015,"9,65"
5,19/11/2015,"9,66"
5,20/11/2015,"9,67"
5,23/11/2015,"9,67"
5,24/11/2015,"9,67"
5,25/11/2015,"9,68"
5,26/11/2015,"9,68"
5,30/11/2015,"9,69"
5,01/12/2015,"9,7"
5,02/12/2015,"9,71"
5,03/12/2015,"9,72"
5,04/12/2015,"9,73"
5,09/12/2015,"9,74"
5,10/12/2015,"9,75"
5,11/12/2015,"9,77"
5,14/12/2015,"9,79"
5,15/12/2015,"9,81"
5,16/12/2015,"9,83"
5,17/12/2015,"13,76"
5,18/12/2015,"13,42"
5,21/12/2015,"12,81"
5,22/12/2015,"12,94"
5,23/12/2015,"13,04"
5,24/12/2015,"13,05"
5,28/12/2015,"13,06"
5,29/12/2015,"12,97"
5,30/12/2015,"12,98"
5,31/12/2015,"13,01"
5,04/01/2016,"13,07"
5,05/01/2016,"13,46"
5,06/01/2016,"13,84"
5,07/01/2016,"13,94"
5,08/01/2016,"13,87"
5,11/01/2016,"13,87"
5,12/01/2016,"13,58"
5,13/01/2016,"13,56"
5,14/01/2016,"13,46"
5,15/01/2016,"13,44"
5,18/01/2016,"13,51"
5,19/01/2016,"13,49"
5,20/01/2016,"13,45"
5,21/01/2016,"13,55"
5,22/01/2016,"13,72"
5,25/01/2016,"13,78"
5,26/01/2016,"13,84"
5,27/01/2016,"13,89"
5,28/01/2016,"13,89"
5,29/01/2016,"13,9"
5,01/02/2016,"14,09"
5,02/02/2016,"14,14"
5,03/02/2016,"14,14"
5,04/02/2016,"14,19"
5,05/02/2016,"14,31"
5,10/02/2016,"14,47"
5,11/02/2016,"14,56"
5,12/02/2016,"14,73"
5,15/02/2016,"14,77"
5,16/02/2016,"14,85"
5,17/02/2016,"14,91"
5,18/02/2016,"15,03"
5,19/02/2016,"15,03"
5,22/02/2016,"15,09"
5,23/02/2016,"15,42"
5,24/02/2016,"15,35"
5,25/02/2016,"15,37"
5,26/02/2016,"15,44"
5,29/02/2016,"15,58"
5,01/03/2016,"15,92"
5,02/03/2016,"15,69"
5,03/03/2016,"15,45"
5,04/03/2016,"15,2"
5,07/03/2016,"15,34"
5,08/03/2016,"15,44"
5,09/03/2016,"15,36"
5,10/03/2016,"15,34"
5,11/03/2016,"15,12"
5,14/03/2016,"14,8"
5,15/03/2016,"14,61"
5,16/03/2016,"14,51"
5,17/03/2016,"14,63"
5,18/03/2016,"14,82"
5,21/03/2016,"14,58"
5,22/03/2016,"14,25"
5,23/03/2016,"14,43"
5,28/03/2016,"14,64"
5,29/03/2016,"14,88"
5,30/03/2016,"14,62"
5,31/03/2016,"14,58"
5,01/04/2016,"14,7"
5,04/04/2016,"14,78"
5,05/04/2016,"14,68"
5,06/04/2016,"14,69"
5,07/04/2016,"14,53"
5,08/04/2016,"14,43"
5,11/04/2016,"14,51"
5,12/04/2016,"14,54"
5,13/04/2016,"14,42"
5,14/04/2016,"14,37"
5,15/04/2016,"14,3"
5,18/04/2016,"14,14"
5,19/04/2016,"14,14"
5,20/04/2016,"14,24"
5,21/04/2016,"14,36"
5,22/04/2016,"14,46"
5,25/04/2016,"14,33"
5,26/04/2016,"14,31"
5,27/04/2016,"14,24"
5,28/04/2016,"14,17"
5,29/04/2016,"14,26"
5,02/05/2016,"14,26"
5,03/05/2016,"14,21"
5,04/05/2016,"14,21"
5,05/05/2016,"14,25"
5,06/05/2016,"14,24"
5,09/05/2016,"14,22"
5,10/05/2016,"14,23"
5,11/05/2016,"14,22"
5,12/05/2016,"14,2"
5,13/05/2016,"14,16"
5,16/05/2016,"14,15"
5,17/05/2016,"14,13"
5,18/05/2016,"14,11"
5,19/05/2016,"14,12"
5,20/05/2016,"14,08"
5,23/05/2016,"14,01"
5,24/05/2016,"14,02"
5,26/05/2016,"14,09"
5,27/05/2016,"13,99"
5,30/05/2016,"13,96"
5,31/05/2016,"14,01"
5,01/06/2016,"13,95"
5,02/06/2016,"13,93"
5,03/06/2016,"13,88"
5,06/06/2016,"13,78"
5,07/06/2016,"13,8"
5,08/06/2016,"13,84"
5,09/06/2016,"13,85"
5,10/06/2016,"13,82"
5,13/06/2016,"13,8"
5,14/06/2016,"13,77"
5,15/06/2016,"13,76"
5,16/06/2016,"13,79"
5,21/06/2016,"13,88"
5,22/06/2016,"14,03"
5,23/06/2016,"14,19"
5,24/06/2016,"14,84"
5,27/06/2016,"15,03"
5,28/06/2016,"15,06"
5,29/06/2016,"14,9"
5,30/06/2016,"14,92"
5,01/07/2016,"15,12"
5,04/07/2016,"15,07"
5,05/07/2016,"15,02"
5,06/07/2016,"14,76"
5,07/07/2016,"14,69"
5,11/07/2016,"14,71"
5,12/07/2016,"14,6"
5,13/07/2016,"14,57"
5,14/07/2016,"14,62"
5,15/07/2016,"14,86"
5,18/07/2016,"15,06"
5,19/07/2016,"15,19"
5,20/07/2016,15
5,21/07/2016,"15,04"
5,22/07/2016,"14,95"
5,25/07/2016,"14,93"
5,26/07/2016,"14,96"
5,27/07/2016,"14,98"
5,28/07/2016,"15,03"
5,29/07/2016,"15,04"
5,01/08/2016,"14,99"
5,02/08/2016,"14,85"
5,03/08/2016,"14,87"
5,04/08/2016,"14,88"
5,05/08/2016,"14,85"
5,08/08/2016,"14,79"
5,09/08/2016,"14,77"
5,10/08/2016,"14,75"
5,11/08/2016,"14,66"
5,12/08/2016,"14,65"
5,16/08/2016,"14,67"
5,17/08/2016,"14,7"
5,18/08/2016,"14,85"
5,19/08/2016,"14,94"
5,22/08/2016,"14,9"
5,23/08/2016,"14,83"
5,24/08/2016,"14,87"
5,25/08/2016,"14,88"
5,26/08/2016,"14,93"
5,29/08/2016,"15,06"
5,30/08/2016,"15,1"
5,31/08/2016,"14,9"
5,01/09/2016,"14,88"
5,02/09/2016,"14,9"
5,05/09/2016,15
5,06/09/2016,"15,01"
5,07/09/2016,"15,03"
5,08/09/2016,"15,07"
5,09/09/2016,"15,06"
5,12/09/2016,"14,99"
5,13/09/2016,"14,91"
5,14/09/2016,"15,03"
5,15/09/2016,"15,04"
5,16/09/2016,"15,09"
5,19/09/2016,"15,15"
5,20/09/2016,"15,16"
5,21/09/2016,"15,14"
5,22/09/2016,"15,17"
5,23/09/2016,"15,16"
5,26/09/2016,"15,21"
5,27/09/2016,"15,27"
5,28/09/2016,"15,31"
5,29/09/2016,"15,4"
5,30/09/2016,"15,26"
5,03/10/2016,"15,23"
5,04/10/2016,"15,18"
5,05/10/2016,"15,18"
5,06/10/2016,"15,22"
5,07/10/2016,"15,21"
5,11/10/2016,"15,19"
5,12/10/2016,"15,15"
5,13/10/2016,"15,12"
5,14/10/2016,"15,12"
5,17/10/2016,"15,21"
5,18/10/2016,"15,2"
5,19/10/2016,"15,21"
5,20/10/2016,"15,18"
5,21/10/2016,"15,15"
5,24/10/2016,"15,12"
5,25/10/2016,"15,19"
5,26/10/2016,"15,22"
5,27/10/2016,"15,18"
5,28/10/2016,"15,19"
5,31/10/2016,"15,17"
5,01/11/2016,"15,13"
5,02/11/2016,"15,08"
5,03/11/2016,"15,13"
5,04/11/2016,"15,07"
5,07/11/2016,"15,04"
5,08/11/2016,"15,04"
5,09/11/2016,"15,02"
5,10/11/2016,"15,02"
5,11/11/2016,"15,22"
5,14/11/2016,"15,53"
5,15/11/2016,"15,54"
5,16/11/2016,"15,55"
5,17/11/2016,"15,47"
5,18/11/2016,"15,48"
5,21/11/2016,"15,4"
5,22/11/2016,"15,41"
5,23/11/2016,"15,53"
5,24/11/2016,"15,53"
5,25/11/2016,"15,54"
5,29/11/2016,"15,57"
5,30/11/2016,"15,84"
5,01/12/2016,"15,87"
5,02/12/2016,"15,88"
5,05/12/2016,"15,94"
5,06/12/2016,"15,87"
5,07/12/2016,"15,96"
5,12/12/2016,"16,04"
5,13/12/2016,"16,02"
5,14/12/2016,"15,91"
5,15/12/2016,16
5,16/12/2016,"15,95"
5,19/12/2016,"15,86"
5,20/12/2016,"15,83"
5,21/12/2016,"15,86"
5,22/12/2016,"15,77"
5,23/12/2016,"15,6"
5,26/12/2016,"15,55"
5,27/12/2016,"15,52"
5,28/12/2016,"15,57"
5,29/12/2016,"15,73"
5,30/12/2016,"15,85"
5,02/01/2017,"15,92"
5,03/01/2017,"15,9"
5,04/01/2017,"16,05"
5,05/01/2017,"15,99"
5,06/01/2017,"15,85"
5,09/01/2017,"15,81"
5,10/01/2017,"15,87"
5,11/01/2017,"15,86"
5,12/01/2017,"15,82"
5,13/01/2017,"15,84"
5,16/01/2017,"15,87"
5,17/01/2017,"15,88"
5,18/01/2017,"15,95"
5,19/01/2017,"15,98"
5,20/01/2017,"15,86"
5,23/01/2017,"15,92"
5,24/01/2017,"15,96"
5,25/01/2017,"15,93"
5,26/01/2017,"15,94"
5,27/01/2017,"15,89"
5,30/01/2017,"15,94"
5,31/01/2017,"15,91"
5,01/02/2017,"15,84"
5,02/02/2017,"15,72"
5,03/02/2017,"15,65"
5,06/02/2017,"15,62"
5,07/02/2017,"15,72"
5,08/02/2017,"15,69"
5,09/02/2017,"15,63"
5,10/02/2017,"15,55"
5,13/02/2017,"15,53"
5,14/02/2017,"15,48"
5,15/02/2017,"15,46"
5,16/02/2017,"15,37"
5,17/02/2017,"15,58"
5,20/02/2017,"15,72"
5,21/02/2017,"15,66"
5,22/02/2017,"15,54"
5,23/02/2017,"15,57"
5,24/02/2017,"15,46"
5,01/03/2017,"15,48"
5,02/03/2017,"15,39"
5,03/03/2017,"15,45"
5,06/03/2017,"15,44"
5,07/03/2017,"15,5"
5,08/03/2017,"15,59"
5,09/03/2017,"15,63"
5,10/03/2017,"15,48"
5,13/03/2017,"15,52"
5,14/03/2017,"15,54"
5,15/03/2017,"15,55"
5,16/03/2017,"15,53"
5,17/03/2017,"15,53"
5,20/03/2017,"15,67"
5,21/03/2017,"15,64"
5,22/03/2017,"15,58"
5,23/03/2017,"15,63"
5,27/03/2017,"15,61"
5,28/03/2017,"15,54"
5,29/03/2017,"15,47"
5,30/03/2017,"15,4"
5,31/03/2017,"15,38"
5,03/04/2017,"15,42"
5,04/04/2017,"15,38"
5,05/04/2017,"15,35"
5,06/04/2017,"15,41"
5,07/04/2017,"15,37"
5,10/04/2017,"15,33"
5,11/04/2017,"15,24"
5,12/04/2017,"15,17"
5,17/04/2017,"15,21"
5,18/04/2017,"15,23"
5,19/04/2017,"15,42"
5,20/04/2017,"15,4"
5,21/04/2017,"15,39"
5,24/04/2017,"15,42"
5,25/04/2017,"15,41"
5,26/04/2017,"15,44"
5,27/04/2017,"15,45"
5,28/04/2017,"15,43"
5,02/05/2017,"15,33"
5,03/05/2017,"15,27"
5,04/05/2017,"15,37"
5,05/05/2017,"15,34"
5,08/05/2017,"15,39"
5,09/05/2017,"15,55"
5,10/05/2017,"15,53"
5,11/05/2017,"15,46"
5,12/05/2017,"15,41"
5,15/05/2017,"15,48"
5,16/05/2017,"15,59"
5,17/05/2017,"15,62"
5,18/05/2017,"15,91"
5,19/05/2017,"15,89"
5,22/05/2017,"16,07"
5,23/05/2017,"16,1"
5,24/05/2017,"16,1"
5,26/05/2017,"16,04"
5,29/05/2017,"16,01"
5,30/05/2017,"16,07"
5,31/05/2017,"16,14"
5,01/06/2017,"16,06"
5,02/06/2017,"16,03"
5,05/06/2017,"16,03"
5,06/06/2017,"16,01"
5,07/06/2017,"16,01"
5,08/06/2017,"15,99"
5,09/06/2017,"15,9"
5,12/06/2017,"15,93"
5,13/06/2017,"15,89"
5,14/06/2017,"15,85"
5,15/06/2017,"15,92"
5,16/06/2017,"16,01"
5,19/06/2017,"16,07"
5,21/06/2017,"16,36"
5,22/06/2017,"16,19"
5,23/06/2017,"16,13"
5,26/06/2017,"16,24"
5,27/06/2017,"16,39"
5,28/06/2017,"16,37"
5,29/06/2017,"16,48"
5,30/06/2017,"16,6"
5,03/07/2017,"16,68"
5,04/07/2017,"16,87"
5,05/07/2017,17
5,06/07/2017,"17,15"
5,07/07/2017,"16,97"
5,10/07/2017,"16,99"
5,11/07/2017,"16,99"
5,12/07/2017,"16,97"
5,13/07/2017,"16,95"
5,14/07/2017,"16,87"
5,17/07/2017,"16,88"
5,18/07/2017,"17,03"
5,19/07/2017,"17,31"
5,20/07/2017,"17,13"
5,21/07/2017,"17,34"
5,24/07/2017,"17,54"
5,25/07/2017,"17,41"
5,26/07/2017,"17,47"
5,27/07/2017,"17,56"
5,28/07/2017,"17,76"
5,31/07/2017,"17,67"
5,01/08/2017,"17,61"
5,02/08/2017,"17,56"
5,03/08/2017,"17,64"
5,04/08/2017,"17,65"
5,07/08/2017,"17,7"
5,08/08/2017,"17,71"
5,09/08/2017,"17,78"
5,10/08/2017,"17,73"
5,11/08/2017,"17,71"
5,14/08/2017,"17,15"
5,15/08/2017,"17,06"
5,16/08/2017,"17,11"
5,17/08/2017,"17,27"
5,18/08/2017,"17,28"
5,22/08/2017,"17,23"
5,23/08/2017,"17,22"
5,24/08/2017,"17,18"
5,25/08/2017,"17,22"
5,28/08/2017,"17,22"
5,29/08/2017,"17,31"
5,30/08/2017,"17,44"
5,31/08/2017,"17,37"
5,01/09/2017,"17,24"
5,04/09/2017,"17,24"
5,05/09/2017,"17,26"
5,06/09/2017,"17,22"
5,07/09/2017,"17,22"
5,08/09/2017,"17,21"
5,11/09/2017,"17,2"
5,12/09/2017,"17,11"
5,13/09/2017,"17,06"
5,14/09/2017,"17,01"
5,15/09/2017,"16,97"
5,18/09/2017,"17,06"
5,19/09/2017,"17,2"
5,20/09/2017,"17,15"
5,21/09/2017,"17,28"
5,22/09/2017,"17,3"
5,25/09/2017,"17,41"
5,26/09/2017,"17,61"
5,27/09/2017,"17,57"
5,28/09/2017,"17,56"
5,29/09/2017,"17,32"
5,02/10/2017,"17,35"
5,03/10/2017,"17,43"
5,04/10/2017,"17,36"
5,05/10/2017,"17,34"
5,06/10/2017,"17,51"
5,09/10/2017,"17,47"
5,10/10/2017,"17,44"
5,11/10/2017,"17,43"
5,12/10/2017,"17,43"
5,13/10/2017,"17,36"
5,17/10/2017,"17,38"
5,18/10/2017,"17,33"
5,19/10/2017,"17,4"
5,20/10/2017,"17,47"
5,23/10/2017,"17,32"
5,24/10/2017,"17,5"
5,25/10/2017,"17,45"
5,26/10/2017,"17,53"
5,27/10/2017,"17,68"
5,30/10/2017,"17,66"
5,31/10/2017,"17,67"
5,01/11/2017,"17,65"
5,02/11/2017,"17,57"
5,03/11/2017,"17,56"
5,07/11/2017,"17,67"
5,08/11/2017,"17,56"
5,09/11/2017,"17,54"
5,10/11/2017,"17,52"
5,13/11/2017,"17,54"
5,14/11/2017,"17,49"
5,15/11/2017,"17,53"
5,16/11/2017,"17,49"
5,17/11/2017,"17,49"
5,21/11/2017,"17,51"
5,22/11/2017,"17,47"
5,23/11/2017,"17,42"
5,24/11/2017,"17,37"
5,27/11/2017,"17,33"
5,28/11/2017,"17,33"
5,29/11/2017,"17,42"
5,30/11/2017,"17,38"
5,01/12/2017,"17,26"
5,04/12/2017,"17,26"
5,05/12/2017,"17,35"
5,06/12/2017,"17,29"
5,07/12/2017,"17,31"
5,11/12/2017,"17,27"
5,12/12/2017,"17,26"
5,13/12/2017,"17,32"
5,14/12/2017,"17,36"
5,15/12/2017,"17,55"
5,18/12/2017,"17,56"
5,19/12/2017,"17,57"
5,20/12/2017,"17,78"
5,21/12/2017,"17,87"
5,22/12/2017,"18,01"
5,26/12/2017,"18,25"
5,27/12/2017,"18,44"
5,28/12/2017,"18,83"
5,29/12/2017,"18,77"
5,02/01/2018,"18,55"
5,03/01/2018,"18,42"
5,04/01/2018,"18,61"
5,05/01/2018,"18,86"
5,08/01/2018,"19,07"
5,09/01/2018,"19,05"
5,10/01/2018,"18,72"
5,11/01/2018,"18,65"
5,12/01/2018,"18,72"
5,15/01/2018,"18,72"
5,16/01/2018,"18,83"
5,17/01/2018,"18,89"
5,18/01/2018,"18,85"
5,19/01/2018,"18,96"
5,22/01/2018,"19,07"
5,23/01/2018,"19,32"
5,24/01/2018,"19,53"
5,25/01/2018,"19,49"
5,26/01/2018,"19,52"
5,29/01/2018,"19,57"
5,30/01/2018,"19,6"
5,31/01/2018,"19,65"
5,01/02/2018,"19,47"
5,02/02/2018,"19,5"
5,05/02/2018,"19,53"
5,06/02/2018,"19,69"
5,07/02/2018,"19,62"
5,08/02/2018,"19,84"
5,09/02/2018,"20,13"
5,14/02/2018,"20,03"
5,15/02/2018,"19,74"
5,16/02/2018,"19,67"
5,19/02/2018,"19,84"
5,20/02/2018,"19,94"
5,21/02/2018,"19,92"
5,22/02/2018,"19,94"
5,23/02/2018,"19,97"
5,26/02/2018,"20,04"
5,27/02/2018,"20,16"
5,28/02/2018,"20,12"
5,01/03/2018,"20,16"
5,02/03/2018,"20,23"
5,05/03/2018,"20,29"
5,06/03/2018,"20,2"
5,07/03/2018,"20,35"
5,08/03/2018,"20,39"
5,09/03/2018,"20,27"
5,12/03/2018,"20,22"
5,13/03/2018,"20,19"
5,14/03/2018,"20,19"
5,15/03/2018,"20,27"
5,16/03/2018,"20,29"
5,19/03/2018,"20,25"
5,20/03/2018,"20,24"
5,21/03/2018,"20,28"
5,22/03/2018,"20,25"
5,23/03/2018,"20,21"
5,26/03/2018,"20,16"
5,27/03/2018,"20,16"
5,28/03/2018,"20,14"
5,03/04/2018,"20,16"
5,04/04/2018,"20,2"
5,05/04/2018,"20,18"
5,06/04/2018,"20,21"
5,09/04/2018,"20,19"
5,10/04/2018,"20,19"
5,11/04/2018,"20,16"
5,12/04/2018,"20,17"
5,13/04/2018,"20,21"
5,16/04/2018,"20,22"
5,17/04/2018,"20,18"
5,18/04/2018,"20,15"
5,19/04/2018,"20,16"
5,20/04/2018,"20,19"
5,23/04/2018,"20,25"
5,24/04/2018,"20,25"
5,25/04/2018,"20,26"
5,26/04/2018,"20,45"
5,27/04/2018,"20,69"
5,02/05/2018,"20,97"
5,03/05/2018,"21,75"
5,04/05/2018,"21,7"
5,07/05/2018,"21,83"
5,08/05/2018,"22,76"
5,09/05/2018,"22,57"
5,10/05/2018,"22,63"
5,11/05/2018,"23,23"
5,14/05/2018,"24,77"
5,15/05/2018,"24,8"
5,16/05/2018,"24,04"
5,17/05/2018,"24,33"
5,18/05/2018,"24,6"
5,21/05/2018,"24,27"
5,22/05/2018,"24,36"
5,23/05/2018,"24,44"
5,24/05/2018,"24,56"
5,28/05/2018,"24,7"
5,29/05/2018,"24,9"
5,30/05/2018,"24,91"
5,31/05/2018,"24,95"
5,01/06/2018,"24,96"
5,04/06/2018,"24,96"
5,05/06/2018,"24,97"
5,06/06/2018,"24,92"
5,07/06/2018,"24,97"
5,08/06/2018,"25,47"
5,11/06/2018,"25,43"
5,12/06/2018,"25,86"
5,13/06/2018,"25,73"
5,14/06/2018,"27,06"
5,15/06/2018,"27,88"
5,18/06/2018,"27,9"
5,19/06/2018,"27,71"
5,21/06/2018,"27,55"
5,22/06/2018,"27,2"
5,25/06/2018,"27,02"
5,26/06/2018,"27,12"
5,27/06/2018,"27,3"
5,28/06/2018,"27,81"
5,29/06/2018,"28,86"
5,02/07/2018,"28,72"
5,03/07/2018,"27,94"
5,04/07/2018,"28,03"
5,05/07/2018,"28,17"
5,06/07/2018,"28,08"
5,10/07/2018,"27,56"
5,11/07/2018,"27,46"
5,12/07/2018,"27,15"
5,13/07/2018,"27,25"
5,16/07/2018,"27,3"
5,17/07/2018,"27,49"
5,18/07/2018,"27,64"
5,19/07/2018,"27,74"
5,20/07/2018,"27,65"
5,23/07/2018,"27,63"
5,24/07/2018,"27,49"
5,25/07/2018,"27,36"
5,26/07/2018,"27,44"
5,27/07/2018,"27,35"
5,30/07/2018,"27,34"
5,31/07/2018,"27,34"
5,01/08/2018,"27,51"
5,02/08/2018,"27,6"
5,03/08/2018,"27,38"
5,06/08/2018,"27,37"
5,07/08/2018,"27,27"
5,08/08/2018,"27,52"
5,09/08/2018,"27,97"
5,10/08/2018,"29,2"
5,13/08/2018,"30,01"
5,14/08/2018,"29,42"
5,15/08/2018,"30,01"
5,16/08/2018,"29,81"
5,17/08/2018,"29,79"
5,21/08/2018,"29,97"
5,22/08/2018,"30,2"
5,23/08/2018,"30,2"
5,24/08/2018,"30,57"
5,27/08/2018,"30,92"
5,28/08/2018,"31,35"
5,29/08/2018,"31,94"
5,30/08/2018,"39,61"
5,31/08/2018,"37,13"
5,03/09/2018,"38,03"
5,04/09/2018,"39,23"
5,05/09/2018,"38,81"
5,06/09/2018,"37,69"
5,07/09/2018,"36,99"
5,10/09/2018,"37,39"
5,11/09/2018,"37,92"
5,12/09/2018,"37,87"
5,13/09/2018,"38,71"
5,14/09/2018,"39,71"
5,17/09/2018,"39,58"
5,18/09/2018,"39,73"
5,19/09/2018,"39,46"
5,20/09/2018,"38,31"
5,21/09/2018,"37,58"
5,24/09/2018,"37,3"
5,25/09/2018,"38,4"
5,26/09/2018,"38,69"
5,27/09/2018,"39,51"
5,28/09/2018,"40,9"
5,01/10/2018,"40,34"
5,02/10/2018,"38,16"
5,03/10/2018,"37,61"
5,04/10/2018,"38,52"
5,05/10/2018,"38,02"
5,08/10/2018,"37,55"
5,09/10/2018,"37,25"
5,10/10/2018,"37,29"
5,11/10/2018,"36,92"
5,12/10/2018,"36,24"
5,16/10/2018,"36,36"
5,17/10/2018,"36,3"
5,18/10/2018,"36,41"
5,19/10/2018,"36,55"
5,22/10/2018,"36,42"
5,23/10/2018,"36,77"
5,24/10/2018,"36,54"
5,25/10/2018,"36,79"
5,26/10/2018,"36,79"
5,29/10/2018,"36,79"
5,30/10/2018,"36,83"
5,31/10/2018,"36,2"
5,01/11/2018,"35,74"
5,02/11/2018,"35,59"
5,05/11/2018,"35,55"
5,07/11/2018,"35,76"
5,08/11/2018,"35,61"
5,09/11/2018,"35,49"
5,12/11/2018,"35,51"
5,13/11/2018,"35,89"
5,14/11/2018,"36,12"
5,15/11/2018,"36,07"
5,16/11/2018,"35,98"
5,20/11/2018,"36,26"
5,21/11/2018,"36,27"
5,22/11/2018,"36,43"
5,23/11/2018,"36,89"
5,26/11/2018,"38,16"
5,27/11/2018,"38,88"
5,28/11/2018,"38,53"
5,29/11/2018,"38,02"
5,03/12/2018,"36,89"
5,04/12/2018,"37,06"
5,05/12/2018,"37,94"
5,06/12/2018,"37,86"
5,07/12/2018,"37,36"
5,10/12/2018,"37,7"
5,11/12/2018,"37,65"
5,12/12/2018,"37,64"
5,13/12/2018,"37,8"
5,14/12/2018,"38,17"
5,17/12/2018,"38,32"
5,18/12/2018,"38,21"
5,19/12/2018,"38,3"
5,20/12/2018,"38,07"
5,21/12/2018,"38,08"
5,26/12/2018,"38,51"
5,27/12/2018,"38,57"
5,28/12/2018,"37,81"
5,02/01/2019,"37,93"
5,03/01/2019,"37,55"
5,04/01/2019,"37,39"
5,07/01/2019,"37,36"
5,08/01/2019,"37,37"
5,09/01/2019,"37,47"
5,10/01/2019,"37,31"
5,11/01/2019,"37,1"
5,14/01/2019,"37,1"
5,15/01/2019,"37,14"
5,16/01/2019,"37,36"
5,17/01/2019,"37,74"
5,18/01/2019,"37,62"
5,21/01/2019,"37,71"
5,22/01/2019,"37,59"
5,23/01/2019,"37,56"
5,24/01/2019,"37,56"
5,25/01/2019,"37,14"
5,28/01/2019,"37,09"
5,29/01/2019,"37,23"
5,30/01/2019,"37,61"
5,31/01/2019,"37,04"
5,01/02/2019,"37,24"
5,04/02/2019,"37,24"
5,05/02/2019,"37,2"
5,06/02/2019,"37,43"
5,07/02/2019,"37,9"
5,08/02/2019,"37,86"
5,11/02/2019,"38,32"
5,12/02/2019,"37,82"
5,13/02/2019,"38,15"
5,14/02/2019,"38,37"
5,15/02/2019,"38,33"
5,18/02/2019,"38,77"
5,19/02/2019,"38,92"
5,20/02/2019,"40,04"
5,21/02/2019,"39,66"
5,22/02/2019,"39,25"
5,25/02/2019,"38,96"
5,26/02/2019,"38,99"
5,27/02/2019,"38,75"
5,28/02/2019,39
5,01/03/2019,"39,45"
5,06/03/2019,"40,48"
5,07/03/2019,"41,23"
5,08/03/2019,"41,3"
5,11/03/2019,"40,87"
5,12/03/2019,"41,35"
5,13/03/2019,"41,65"
5,14/03/2019,"40,98"
5,15/03/2019,"39,94"
5,18/03/2019,"39,71"
5,19/03/2019,"40,33"
5,20/03/2019,"41,08"
5,21/03/2019,"40,74"
5,22/03/2019,"42,01"
5,25/03/2019,"41,79"
5,26/03/2019,"42,35"
5,27/03/2019,"43,7"
5,28/03/2019,"43,59"
5,29/03/2019,"43,35"
5,01/04/2019,"42,82"
5,03/04/2019,"42,65"
5,04/04/2019,"43,25"
5,05/04/2019,"43,69"
5,08/04/2019,"43,8"
5,09/04/2019,"43,74"
5,10/04/2019,"43,04"
5,11/04/2019,"42,91"
5,12/04/2019,"42,33"
5,15/04/2019,"41,56"
5,16/04/2019,"42,11"
5,17/04/2019,"41,78"
5,22/04/2019,"42,69"
5,23/04/2019,"42,38"
5,24/04/2019,"43,48"
5,25/04/2019,"45,63"
5,26/04/2019,"44,88"
5,29/04/2019,"44,67"
5,30/04/2019,"44,01"
5,02/05/2019,"44,75"
5,03/05/2019,"44,42"
5,06/05/2019,"44,9"
5,07/05/2019,"44,9"
5,08/05/2019,"45,04"
5,09/05/2019,"45,57"
5,10/05/2019,"44,98"
5,13/05/2019,"45,41"
5,14/05/2019,"44,99"
5,15/05/2019,"45,15"
5,16/05/2019,"44,86"
5,17/05/2019,"45,02"
5,20/05/2019,"45,32"
5,21/05/2019,"44,82"
5,22/05/2019,"44,72"
5,23/05/2019,"45,15"
5,24/05/2019,"44,96"
5,27/05/2019,"44,98"
5,28/05/2019,"44,79"
5,29/05/2019,"44,5"
5,30/05/2019,"44,45"
5,31/05/2019,"44,87"
5,03/06/2019,"44,87"
5,04/06/2019,"44,76"
5,05/06/2019,"44,8"
5,06/06/2019,"44,98"
5,07/06/2019,"44,88"
5,10/06/2019,"44,97"
5,11/06/2019,"44,74"
5,12/06/2019,"43,75"
5,13/06/2019,"43,59"
5,14/06/2019,"43,87"
5,18/06/2019,"43,66"
5,19/06/2019,"43,45"
5,21/06/2019,"42,92"
5,24/06/2019,"42,67"
5,25/06/2019,"42,31"
5,26/06/2019,"42,71"
5,27/06/2019,"42,84"
5,28/06/2019,"42,45"
5,01/07/2019,"42,14"
5,02/07/2019,"42,47"
5,03/07/2019,"42,09"
5,04/07/2019,"41,76"
5,05/07/2019,"41,98"
5,10/07/2019,"41,88"
5,11/07/2019,"41,76"
5,12/07/2019,"41,66"
5,15/07/2019,"41,86"
5,16/07/2019,"42,63"
5,17/07/2019,"42,52"
5,18/07/2019,"42,35"
5,19/07/2019,"42,45"
5,22/07/2019,"42,48"
5,23/07/2019,"42,63"
5,24/07/2019,"42,81"
5,25/07/2019,"43,25"
5,26/07/2019,"43,22"
5,29/07/2019,"43,76"
5,30/07/2019,"43,88"
5,31/07/2019,"43,87"
5,01/08/2019,"44,32"
5,02/08/2019,"44,7"
5,05/08/2019,"45,44"
5,06/08/2019,"45,35"
5,07/08/2019,"45,69"
5,08/08/2019,"45,41"
5,09/08/2019,"45,4"
5,12/08/2019,"55,75"
5,13/08/2019,"56,32"
5,14/08/2019,"58,84"
5,15/08/2019,"56,63"
5,16/08/2019,"56,44"
5,20/08/2019,"55,36"
5,21/08/2019,"54,92"
5,22/08/2019,"55,03"
5,23/08/2019,"55,27"
5,26/08/2019,"55,34"
5,27/08/2019,"55,71"
5,28/08/2019,"58,08"
5,29/08/2019,"58,2"
5,30/08/2019,"59,08"
5,02/09/2019,"57,09"
5,03/09/2019,"55,78"
5,04/09/2019,"55,94"
5,05/09/2019,56
5,06/09/2019,"55,91"
5,09/09/2019,"55,94"
5,10/09/2019,"56,07"
5,11/09/2019,"56,11"
5,12/09/2019,"56,18"
5,13/09/2019,"56,15"
5,16/09/2019,"56,25"
5,17/09/2019,"56,45"
5,18/09/2019,"56,5"
5,19/09/2019,"56,61"
5,20/09/2019,"56,62"
5,23/09/2019,"56,93"
5,24/09/2019,"56,94"
5,25/09/2019,"57,01"
5,26/09/2019,"57,18"
5,27/09/2019,"57,32"
5,30/09/2019,"57,56"
5,01/10/2019,"57,7"
5,02/10/2019,"57,89"
5,03/10/2019,"57,76"
5,04/10/2019,"57,71"
5,07/10/2019,"57,87"
5,08/10/2019,"57,84"
5,09/10/2019,"57,96"
5,10/10/2019,"57,98"
5,11/10/2019,"58,05"
5,15/10/2019,"58,24"
5,16/10/2019,"58,33"
5,17/10/2019,"58,31"
5,18/10/2019,"58,34"
5,21/10/2019,"58,52"
5,22/10/2019,"58,65"
5,23/10/2019,"58,94"
5,24/10/2019,"59,34"
5,25/10/2019,60
5,28/10/2019,"59,47"
5,29/10/2019,"59,46"
5,30/10/2019,"59,58"
5,31/10/2019,"59,73"
5,01/11/2019,"59,76"
5,04/11/2019,"59,76"
5,05/11/2019,"59,68"
5,07/11/2019,"59,6"
5,08/11/2019,"59,54"
5,11/11/2019,"59,75"
5,12/11/2019,"59,75"
5,13/11/2019,"59,74"
5,14/11/2019,"59,73"
5,15/11/2019,"59,69"
5,19/11/2019,"59,71"
5,20/11/2019,"59,72"
5,21/11/2019,"59,75"
5,22/11/2019,"59,79"
5,25/11/2019,"59,75"
5,26/11/2019,"59,72"
5,27/11/2019,"59,88"
5,28/11/2019,"59,85"
5,29/11/2019,"59,86"
5,02/12/2019,"59,95"
5,03/12/2019,"59,94"
5,04/12/2019,"59,91"
5,05/12/2019,"59,94"
5,06/12/2019,"59,96"
5,09/12/2019,"59,95"
5,10/12/2019,"59,96"
5,11/12/2019,"59,83"
5,12/12/2019,"59,83"
5,13/12/2019,"59,82"
5,16/12/2019,"59,84"
5,17/12/2019,"59,82"
5,18/12/2019,"59,82"
5,19/12/2019,"59,82"
5,20/12/2019,"59,82"
5,23/12/2019,"59,86"
5,26/12/2019,"59,92"
5,27/12/2019,"59,89"
5,30/12/2019,"59,9"
5,02/01/2020,"59,85"
5,03/01/2020,"59,83"
5,06/01/2020,"59,82"
5,07/01/2020,"59,82"
5,08/01/2020,"59,82"
5,09/01/2020,"59,82"
5,10/01/2020,"59,82"
5,13/01/2020,"59,88"
5,14/01/2020,"60,04"
5,15/01/2020,"60,01"
5,16/01/2020,60
5,17/01/2020,"60,01"
5,20/01/2020,"60,03"
5,21/01/2020,"60,06"
5,22/01/2020,"60,11"
5,23/01/2020,"60,09"
5,24/01/2020,"60,1"
5,27/01/2020,"60,14"
5,28/01/2020,"60,18"
5,29/01/2020,"60,24"
5,30/01/2020,"60,25"
5,31/01/2020,"60,33"
5,03/02/2020,"60,43"
5,04/02/2020,"60,58"
5,05/02/2020,"60,58"
5,06/02/2020,"60,67"
5,07/02/2020,"60,77"
5,10/02/2020,"60,97"
5,11/02/2020,"61,11"
5,12/02/2020,"61,23"
5,13/02/2020,"61,38"
5,14/02/2020,"61,45"
5,17/02/2020,"61,66"
5,18/02/2020,"61,66"
5,19/02/2020,"61,72"
5,20/02/2020,"61,79"
5,21/02/2020,"61,83"
5,26/02/2020,"62,08"
5,27/02/2020,"62,14"
5,28/02/2020,"62,21"
5,02/03/2020,"62,25"
5,03/03/2020,"62,3"
5,04/03/2020,"62,36"
5,05/03/2020,"62,42"
5,06/03/2020,"62,48"
5,09/03/2020,"62,53"
5,10/03/2020,"62,59"
5,11/03/2020,"62,67"
5,12/03/2020,"62,82"
5,13/03/2020,"62,9"
5,16/03/2020,"63,04"
5,17/03/2020,"63,18"
5,18/03/2020,"63,33"
5,19/03/2020,"63,55"
5,20/03/2020,"63,77"
5,25/03/2020,"64,05"
5,26/03/2020,"64,23"
5,27/03/2020,"64,41"
5,30/03/2020,"64,47"
5,01/04/2020,"64,53"
5,02/04/2020,"64,72"
5,03/04/2020,"64,91"
5,06/04/2020,"64,99"
5,07/04/2020,"65,07"
5,08/04/2020,"65,16"
5,13/04/2020,"65,38"
5,14/04/2020,"65,5"
5,15/04/2020,"65,62"
5,16/04/2020,"65,74"
5,17/04/2020,"65,86"
5,20/04/2020,"65,98"
5,21/04/2020,"66,09"
5,22/04/2020,"66,23"
5,23/04/2020,"66,32"
5,24/04/2020,"66,43"
5,27/04/2020,"66,53"
5,28/04/2020,"66,64"
5,29/04/2020,"66,75"
5,30/04/2020,"66,84"
5,04/05/2020,"66,93"
5,05/05/2020,"67,01"
5,06/05/2020,"67,1"
5,07/05/2020,"67,19"
5,08/05/2020,"67,28"
5,11/05/2020,"67,37"
5,12/05/2020,"67,46"
5,13/05/2020,"67,55"
5,14/05/2020,"67,64"
5,15/05/2020,"67,73"
5,18/05/2020,"67,82"
5,19/05/2020,"67,91"
5,20/05/2020,68
5,21/05/2020,"68,09"
5,22/05/2020,"68,18"
5,26/05/2020,"68,27"
5,27/05/2020,"68,36"
5,28/05/2020,"68,45"
5,29/05/2020,"68,54"
5,01/06/2020,"68,63"
5,02/06/2020,"68,72"
5,03/06/2020,"68,81"
5,04/06/2020,"68,9"
5,05/06/2020,"68,99"
5,08/06/2020,"69,08"
5,09/06/2020,"69,17"
5,10/06/2020,"69,26"
5,11/06/2020,"69,32"
5,12/06/2020,"69,38"
5,16/06/2020,"69,62"
5,17/06/2020,"69,68"
5,18/06/2020,"69,74"
5,19/06/2020,"69,8"
5,22/06/2020,"69,98"
5,23/06/2020,"70,04"
5,24/06/2020,"70,1"
5,25/06/2020,"70,16"
5,26/06/2020,"70,22"
5,29/06/2020,"70,4"
5,30/06/2020,"70,46"
5,01/07/2020,"70,52"
5,02/07/2020,"70,58"
5,03/07/2020,"70,64"
5,06/07/2020,"70,82"
5,07/07/2020,"70,88"
5,08/07/2020,"70,94"
5,13/07/2020,"71,23"
5,14/07/2020,"71,3"
5,15/07/2020,"71,36"
5,16/07/2020,"71,42"
5,17/07/2020,"71,48"
5,20/07/2020,"71,66"
5,21/07/2020,"71,72"
5,22/07/2020,"71,78"
5,23/07/2020,"71,84"
5,24/07/2020,"71,9"
5,27/07/2020,"72,08"
5,28/07/2020,"72,14"
5,29/07/2020,"72,2"
5,30/07/2020,"72,26"
5,31/07/2020,"72,32"
5,03/08/2020,"72,52"
5,04/08/2020,"72,57"
5,05/08/2020,"72,62"
5,06/08/2020,"72,7"
5,07/08/2020,"72,77"
5,10/08/2020,"72,95"
5,11/08/2020,73
5,12/08/2020,"73,05"
5,13/08/2020,"73,11"
5,14/08/2020,"73,16"
5,18/08/2020,"73,4"
5,19/08/2020,"73,48"
5,20/08/2020,"73,53"
5,21/08/2020,"73,58"
5,24/08/2020,"73,73"
5,25/08/2020,"73,81"
5,26/08/2020,"73,86"
5,27/08/2020,"73,94"
5,28/08/2020,74
5,31/08/2020,"74,18"
5,01/09/2020,"74,25"
5,02/09/2020,"74,32"
5,03/09/2020,"74,38"
5,04/09/2020,"74,44"
5,07/09/2020,"74,65"
5,08/09/2020,"74,71"
5,09/09/2020,"74,77"
5,10/09/2020,"74,84"
5,11/09/2020,"74,91"
5,14/09/2020,"75,12"
5,15/09/2020,"75,19"
5,16/09/2020,"75,25"
5,17/09/2020,"75,32"
5,18/09/2020,"75,38"
5,21/09/2020,"75,59"
5,22/09/2020,"75,65"
5,23/09/2020,"75,72"
5,24/09/2020,"75,78"
5,25/09/2020,"75,85"
5,28/09/2020,"76,06"
5,29/09/2020,"76,12"
5,30/09/2020,"76,18"
5,01/10/2020,"76,25"
5,02/10/2020,"76,95"
5,05/10/2020,"77,05"
5,06/10/2020,"77,08"
5,07/10/2020,"77,1"
5,08/10/2020,"77,1"
5,09/10/2020,"77,11"
5,13/10/2020,"77,4"
5,14/10/2020,"77,42"
5,15/10/2020,"77,46"
5,16/10/2020,"77,53"
5,19/10/2020,"77,58"
5,20/10/2020,"77,66"
5,21/10/2020,"77,71"
5,22/10/2020,"78,05"
5,23/10/2020,"78,09"
5,26/10/2020,"78,21"
5,27/10/2020,"78,3"
5,28/10/2020,"78,3"
5,29/10/2020,"78,3"
5,30/10/2020,"78,33"
5,02/11/2020,"78,69"
5,03/11/2020,"78,9"
5,04/11/2020,"79,02"
5,05/11/2020,"79,09"
5,09/11/2020,"79,34"
5,10/11/2020,"79,43"
5,11/11/2020,"79,48"
5,12/11/2020,"79,58"
5,13/11/2020,"79,73"
5,16/11/2020,"79,96"
5,17/11/2020,"80,03"
5,18/11/2020,"80,15"
5,19/11/2020,"80,27"
5,20/11/2020,"80,36"
5,24/11/2020,"80,69"
5,25/11/2020,"80,79"
5,26/11/2020,"80,89"
5,27/11/2020,"81,04"
5,30/11/2020,"81,3"
5,01/12/2020,"81,4"
5,02/12/2020,"81,48"
5,03/12/2020,"81,56"
5,04/12/2020,"81,65"
5,09/12/2020,"82,05"
5,10/12/2020,"82,13"
5,11/12/2020,"82,22"
5,14/12/2020,"82,46"
5,15/12/2020,"82,54"
5,16/12/2020,"82,63"
5,17/12/2020,"82,72"
5,18/12/2020,"82,84"
5,21/12/2020,"83,15"
5,22/12/2020,"83,25"
5,23/12/2020,"83,36"
5,28/12/2020,"83,91"
5,29/12/2020,"84,03"
5,30/12/2020,"84,15"
5,04/01/2021,"84,7"
5,05/01/2021,"84,8"
5,06/01/2021,"84,9"
5,07/01/2021,85
5,08/01/2021,"85,11"
5,11/01/2021,"85,38"
5,12/01/2021,"85,47"
5,13/01/2021,"85,56"
5,14/01/2021,"85,65"
5,15/01/2021,"85,74"
5,18/01/2021,"86,07"
5,19/01/2021,"86,2"
5,20/01/2021,"86,32"
5,21/01/2021,"86,43"
5,22/01/2021,"86,55"
5,25/01/2021,"86,91"
5,26/01/2021,"87,02"
5,27/01/2021,"87,12"
5,28/01/2021,"87,22"
5,29/01/2021,"87,3"
5,01/02/2021,"87,61"
5,02/02/2021,"87,7"
5,03/02/2021,"87,81"
5,04/02/2021,"87,91"
5,05/02/2021,"88,01"
5,08/02/2021,"88,17"
5,09/02/2021,"88,28"
5,10/02/2021,"88,36"
5,11/02/2021,"88,45"
5,12/02/2021,"88,54"
5,17/02/2021,"88,95"
5,18/02/2021,"89,05"
5,19/02/2021,"89,16"
5,22/02/2021,"89,44"
5,23/02/2021,"89,54"
5,24/02/2021,"89,64"
5,25/02/2021,"89,75"
5,26/02/2021,"89,83"
5,01/03/2021,"90,09"
5,02/03/2021,"90,16"
5,03/03/2021,"90,22"
5,04/03/2021,"90,3"
5,05/03/2021,"90,37"
5,08/03/2021,"90,58"
5,09/03/2021,"90,65"
5,10/03/2021,"90,72"
5,11/03/2021,"90,79"
5,12/03/2021,"90,86"
5,15/03/2021,"91,07"
5,16/03/2021,"91,14"
5,17/03/2021,"91,21"
5,18/03/2021,"91,28"
5,19/03/2021,"91,36"
5,22/03/2021,"91,57"
5,23/03/2021,"91,64"
5,25/03/2021,"91,78"
5,26/03/2021,"91,85"
5,29/03/2021,"91,92"
5,30/03/2021,"91,96"
5,31/03/2021,"91,99"
5,05/04/2021,"92,24"
5,06/04/2021,"92,29"
5,07/04/2021,"92,34"
5,08/04/2021,"92,39"
5,09/04/2021,"92,44"
5,12/04/2021,"92,58"
5,13/04/2021,"92,63"
5,14/04/2021,"92,68"
5,15/04/2021,"92,73"
5,16/04/2021,"92,78"
5,19/04/2021,"92,93"
5,20/04/2021,"92,98"
5,21/04/2021,"93,03"
5,22/04/2021,"93,08"
5,23/04/2021,"93,13"
5,26/04/2021,"93,28"
5,27/04/2021,"93,34"
5,28/04/2021,"93,42"
5,29/04/2021,"93,5"
5,30/04/2021,"93,56"
5,03/05/2021,"93,68"
5,04/05/2021,"93,72"
5,05/05/2021,"93,76"
5,06/05/2021,"93,8"
5,07/05/2021,"93,84"
5,10/05/2021,"93,93"
5,11/05/2021,"93,96"
5,12/05/2021,"93,99"
5,13/05/2021,"94,02"
5,14/05/2021,"94,05"
5,17/05/2021,"94,14"
5,18/05/2021,"94,17"
5,19/05/2021,"94,21"
5,20/05/2021,"94,25"
5,21/05/2021,"94,28"
5,26/05/2021,"94,49"
5,27/05/2021,"94,53"
5,28/05/2021,"94,57"
5,31/05/2021,"94,69"
5,01/06/2021,"94,74"