idVariable,fecha,valor
4,01/06/2010,"3,96"
4,02/06/2010,"3,96"
4,03/06/2010,"3,95"
4,04/06/2010,"3,95"
4,07/06/2010,"3,95"
4,08/06/2010,"3,95"
4,09/06/2010,"3,95"
4,10/06/2010,"3,95"
4,11/06/2010,"3,95"
4,14/06/2010,"3,96"
4,15/06/2010,"3,96"
4,16/06/2010,"3,96"
4,17/06/2010,"3,96"
4,18/06/2010,"3,96"
4,22/06/2010,"3,96"
4,23/06/2010,"3,96"
4,24/06/2010,"3,96"
4,25/06/2010,"3,96"
4,28/06/2010,"3,96"
4,29/06/2010,"3,96"
4,30/06/2010,"3,96"
4,01/07/2010,"3,96"
4,02/07/2010,"3,96"
4,05/07/2010,"3,96"
4,06/07/2010,"3,96"
4,07/07/2010,"3,96"
4,08/07/2010,"3,97"
4,12/07/2010,"3,97"
4,13/07/2010,"3,97"
4,14/07/2010,"3,96"
4,15/07/2010,"3,96"
4,16/07/2010,"3,96"
4,19/07/2010,"3,97"
4,20/07/2010,"3,96"
4,21/07/2010,"3,96"
4,22/07/2010,"3,96"
4,23/07/2010,"3,96"
4,26/07/2010,"3,96"
4,27/07/2010,"3,96"
4,28/07/2010,"3,96"
4,29/07/2010,"3,96"
4,30/07/2010,"3,97"
4,02/08/2010,"3,97"
4,03/08/2010,"3,97"
4,04/08/2010,"3,97"
4,05/08/2010,"3,97"
4,06/08/2010,"3,96"
4,09/08/2010,"3,96"
4,10/08/2010,"3,96"
4,11/08/2010,"3,96"
4,12/08/2010,"3,96"
4,13/08/2010,"3,96"
4,17/08/2010,"3,96"
4,18/08/2010,"3,96"
4,19/08/2010,"3,96"
4,20/08/2010,"3,97"
4,23/08/2010,"3,97"
4,24/08/2010,"3,97"
4,25/08/2010,"3,97"
4,26/08/2010,"3,97"
4,27/08/2010,"3,97"
4,30/08/2010,"3,97"
4,31/08/2010,"3,97"
4,01/09/2010,"3,98"
4,02/09/2010,"3,98"
4,03/09/2010,"3,97"
4,06/09/2010,"3,97"
4,07/09/2010,"3,97"
4,08/09/2010,"3,97"
4,09/09/2010,"3,97"
4,10/09/2010,"3,97"
4,13/09/2010,"3,97"
4,14/09/2010,"3,98"
4,15/09/2010,"3,98"
4,16/09/2010,"3,98"
4,17/09/2010,"3,98"
4,20/09/2010,"3,98"
4,21/09/2010,"3,98"
4,22/09/2010,"3,98"
4,23/09/2010,"3,98"
4,24/09/2010,"3,98"
4,27/09/2010,"3,99"
4,28/09/2010,4
4,29/09/2010,4
4,30/09/2010,"3,99"
4,01/10/2010,"3,99"
4,04/10/2010,"3,99"
4,05/10/2010,"3,99"
4,06/10/2010,"3,99"
4,07/10/2010,"3,99"
4,08/10/2010,"3,99"
4,12/10/2010,"3,99"
4,13/10/2010,"3,98"
4,14/10/2010,"3,98"
4,15/10/2010,"3,98"
4,18/10/2010,"3,98"
4,19/10/2010,"3,98"
4,20/10/2010,"3,99"
4,21/10/2010,"3,99"
4,22/10/2010,"3,99"
4,25/10/2010,"3,99"
4,26/10/2010,"3,99"
4,28/10/2010,"3,99"
4,29/10/2010,"3,99"
4,01/11/2010,"3,99"
4,02/11/2010,"3,99"
4,03/11/2010,"3,99"
4,04/11/2010,"3,99"
4,05/11/2010,"3,99"
4,08/11/2010,"3,99"
4,09/11/2010,"3,99"
4,10/11/2010,"3,99"
4,11/11/2010,"3,99"
4,12/11/2010,"3,99"
4,15/11/2010,"3,99"
4,16/11/2010,4
4,17/11/2010,4
4,18/11/2010,4
4,19/11/2010,4
4,23/11/2010,4
4,24/11/2010,4
4,25/11/2010,4
4,26/11/2010,"4,01"
4,29/11/2010,"4,01"
4,30/11/2010,"4,01"
4,01/12/2010,"4,01"
4,02/12/2010,"4,01"
4,03/12/2010,"4,01"
4,06/12/2010,"4,01"
4,07/12/2010,"4,01"
4,09/12/2010,"4,01"
4,10/12/2010,"4,01"
4,13/12/2010,"4,01"
4,14/12/2010,"4,01"
4,15/12/2010,"4,01"
4,16/12/2010,"4,01"
4,17/12/2010,"4,01"
4,20/12/2010,"4,01"
4,21/12/2010,"4,01"
4,22/12/2010,"4,01"
4,23/12/2010,"4,01"
4,27/12/2010,"4,01"
4,28/12/2010,"4,02"
4,29/12/2010,"4,01"
4,30/12/2010,"4,01"
4,03/01/2011,"4,01"
4,04/01/2011,"4,01"
4,05/01/2011,"4,01"
4,06/01/2011,"4,01"
4,07/01/2011,"4,01"
4,10/01/2011,"4,01"
4,11/01/2011,"4,01"
4,12/01/2011,"4,01"
4,13/01/2011,"4,01"
4,14/01/2011,"4,01"
4,17/01/2011,"4,01"
4,18/01/2011,"4,01"
4,19/01/2011,"4,01"
4,20/01/2011,"4,01"
4,21/01/2011,"4,02"
4,24/01/2011,"4,02"
4,25/01/2011,"4,02"
4,26/01/2011,"4,02"
4,27/01/2011,"4,02"
4,28/01/2011,"4,03"
4,31/01/2011,"4,03"
4,01/02/2011,"4,04"
4,02/02/2011,"4,05"
4,03/02/2011,"4,05"
4,04/02/2011,"4,05"
4,07/02/2011,"4,05"
4,08/02/2011,"4,05"
4,09/02/2011,"4,05"
4,10/02/2011,"4,05"
4,11/02/2011,"4,05"
4,14/02/2011,"4,05"
4,15/02/2011,"4,05"
4,16/02/2011,"4,05"
4,17/02/2011,"4,05"
4,18/02/2011,"4,05"
4,21/02/2011,"4,06"
4,22/02/2011,"4,06"
4,23/02/2011,"4,06"
4,24/02/2011,"4,06"
4,25/02/2011,"4,06"
4,28/02/2011,"4,06"
4,01/03/2011,"4,06"
4,02/03/2011,"4,06"
4,03/03/2011,"4,06"
4,04/03/2011,"4,06"
4,09/03/2011,"4,06"
4,10/03/2011,"4,06"
4,11/03/2011,"4,06"
4,14/03/2011,"4,06"
4,15/03/2011,"4,06"
4,16/03/2011,"4,07"
4,17/03/2011,"4,07"
4,18/03/2011,"4,07"
4,21/03/2011,"4,07"
4,22/03/2011,"4,07"
4,23/03/2011,"4,07"
4,28/03/2011,"4,07"
4,29/03/2011,"4,07"
4,30/03/2011,"4,08"
4,31/03/2011,"4,08"
4,01/04/2011,"4,08"
4,04/04/2011,"4,08"
4,05/04/2011,"4,08"
4,06/04/2011,"4,08"
4,07/04/2011,"4,08"
4,08/04/2011,"4,08"
4,11/04/2011,"4,08"
4,12/04/2011,"4,08"
4,13/04/2011,"4,09"
4,14/04/2011,"4,1"
4,15/04/2011,"4,1"
4,18/04/2011,"4,1"
4,19/04/2011,"4,11"
4,20/04/2011,"4,11"
4,25/04/2011,"4,11"
4,26/04/2011,"4,11"
4,27/04/2011,"4,11"
4,28/04/2011,"4,12"
4,29/04/2011,"4,12"
4,02/05/2011,"4,12"
4,03/05/2011,"4,12"
4,04/05/2011,"4,11"
4,05/05/2011,"4,12"
4,06/05/2011,"4,12"
4,09/05/2011,"4,12"
4,10/05/2011,"4,12"
4,11/05/2011,"4,12"
4,12/05/2011,"4,12"
4,13/05/2011,"4,12"
4,16/05/2011,"4,12"
4,17/05/2011,"4,12"
4,18/05/2011,"4,12"
4,19/05/2011,"4,12"
4,20/05/2011,"4,12"
4,23/05/2011,"4,13"
4,24/05/2011,"4,13"
4,26/05/2011,"4,13"
4,27/05/2011,"4,13"
4,30/05/2011,"4,13"
4,31/05/2011,"4,13"
4,01/06/2011,"4,13"
4,02/06/2011,"4,13"
4,03/06/2011,"4,13"
4,06/06/2011,"4,13"
4,07/06/2011,"4,13"
4,08/06/2011,"4,13"
4,09/06/2011,"4,13"
4,10/06/2011,"4,13"
4,13/06/2011,"4,13"
4,14/06/2011,"4,13"
4,15/06/2011,"4,13"
4,16/06/2011,"4,13"
4,17/06/2011,"4,13"
4,21/06/2011,"4,14"
4,22/06/2011,"4,14"
4,23/06/2011,"4,14"
4,24/06/2011,"4,14"
4,27/06/2011,"4,14"
4,28/06/2011,"4,14"
4,29/06/2011,"4,14"
4,30/06/2011,"4,15"
4,01/07/2011,"4,15"
4,04/07/2011,"4,15"
4,05/07/2011,"4,15"
4,06/07/2011,"4,15"
4,07/07/2011,"4,16"
4,08/07/2011,"4,16"
4,11/07/2011,"4,16"
4,12/07/2011,"4,16"
4,13/07/2011,"4,16"
4,14/07/2011,"4,16"
4,15/07/2011,"4,16"
4,18/07/2011,"4,16"
4,19/07/2011,"4,17"
4,20/07/2011,"4,17"
4,21/07/2011,"4,17"
4,22/07/2011,"4,17"
4,25/07/2011,"4,18"
4,26/07/2011,"4,17"
4,27/07/2011,"4,18"
4,28/07/2011,"4,18"
4,29/07/2011,"4,18"
4,01/08/2011,"4,17"
4,02/08/2011,"4,18"
4,03/08/2011,"4,19"
4,04/08/2011,"4,19"
4,05/08/2011,"4,19"
4,08/08/2011,"4,19"
4,09/08/2011,"4,19"
4,10/08/2011,"4,19"
4,11/08/2011,"4,19"
4,12/08/2011,"4,2"
4,15/08/2011,"4,2"
4,16/08/2011,"4,2"
4,17/08/2011,"4,2"
4,18/08/2011,"4,21"
4,19/08/2011,"4,21"
4,23/08/2011,"4,22"
4,24/08/2011,"4,22"
4,25/08/2011,"4,22"
4,26/08/2011,"4,22"
4,29/08/2011,"4,22"
4,30/08/2011,"4,23"
4,31/08/2011,"4,24"
4,01/09/2011,"4,25"
4,02/09/2011,"4,26"
4,05/09/2011,"4,26"
4,06/09/2011,"4,25"
4,07/09/2011,"4,25"
4,08/09/2011,"4,25"
4,09/09/2011,"4,25"
4,12/09/2011,"4,25"
4,13/09/2011,"4,25"
4,14/09/2011,"4,25"
4,15/09/2011,"4,25"
4,16/09/2011,"4,25"
4,19/09/2011,"4,25"
4,20/09/2011,"4,25"
4,21/09/2011,"4,24"
4,22/09/2011,"4,25"
4,23/09/2011,"4,25"
4,26/09/2011,"4,25"
4,27/09/2011,"4,25"
4,28/09/2011,"4,25"
4,29/09/2011,"4,25"
4,30/09/2011,"4,25"
4,03/10/2011,"4,25"
4,04/10/2011,"4,25"
4,05/10/2011,"4,25"
4,06/10/2011,"4,25"
4,07/10/2011,"4,25"
4,11/10/2011,"4,25"
4,12/10/2011,"4,25"
4,13/10/2011,"4,25"
4,14/10/2011,"4,26"
4,17/10/2011,"4,26"
4,18/10/2011,"4,26"
4,19/10/2011,"4,27"
4,20/10/2011,"4,27"
4,21/10/2011,"4,28"
4,24/10/2011,"4,28"
4,25/10/2011,"4,28"
4,26/10/2011,"4,28"
4,27/10/2011,"4,28"
4,28/10/2011,"4,28"
4,31/10/2011,"4,28"
4,01/11/2011,"4,28"
4,02/11/2011,"4,29"
4,03/11/2011,"4,29"
4,04/11/2011,"4,29"
4,07/11/2011,"4,3"
4,08/11/2011,"4,3"
4,09/11/2011,"4,3"
4,10/11/2011,"4,3"
4,11/11/2011,"4,3"
4,14/11/2011,"4,31"
4,15/11/2011,"4,31"
4,16/11/2011,"4,31"
4,17/11/2011,"4,3"
4,18/11/2011,"4,3"
4,21/11/2011,"4,3"
4,22/11/2011,"4,3"
4,23/11/2011,"4,3"
4,24/11/2011,"4,3"
4,25/11/2011,"4,3"
4,29/11/2011,"4,31"
4,30/11/2011,"4,32"
4,01/12/2011,"4,32"
4,02/12/2011,"4,32"
4,05/12/2011,"4,32"
4,06/12/2011,"4,32"
4,07/12/2011,"4,32"
4,12/12/2011,"4,32"
4,13/12/2011,"4,32"
4,14/12/2011,"4,32"
4,15/12/2011,"4,32"
4,16/12/2011,"4,32"
4,19/12/2011,"4,32"
4,20/12/2011,"4,33"
4,21/12/2011,"4,33"
4,22/12/2011,"4,33"
4,23/12/2011,"4,33"
4,27/12/2011,"4,33"
4,28/12/2011,"4,33"
4,29/12/2011,"4,34"
4,30/12/2011,"4,34"
4,03/01/2012,"4,34"
4,04/01/2012,"4,34"
4,05/01/2012,"4,34"
4,06/01/2012,"4,35"
4,09/01/2012,"4,35"
4,10/01/2012,"4,35"
4,11/01/2012,"4,35"
4,12/01/2012,"4,35"
4,13/01/2012,"4,35"
4,16/01/2012,"4,35"
4,17/01/2012,"4,35"
4,18/01/2012,"4,35"
4,19/01/2012,"4,35"
4,20/01/2012,"4,36"
4,23/01/2012,"4,36"
4,24/01/2012,"4,37"
4,25/01/2012,"4,37"
4,26/01/2012,"4,37"
4,27/01/2012,"4,37"
4,30/01/2012,"4,37"
4,31/01/2012,"4,37"
4,01/02/2012,"4,37"
4,02/02/2012,"4,38"
4,03/02/2012,"4,37"
4,06/02/2012,"4,37"
4,07/02/2012,"4,37"
4,08/02/2012,"4,38"
4,09/02/2012,"4,38"
4,10/02/2012,"4,38"
4,13/02/2012,"4,38"
4,14/02/2012,"4,38"
4,15/02/2012,"4,39"
4,16/02/2012,"4,39"
4,17/02/2012,"4,39"
4,22/02/2012,"4,39"
4,23/02/2012,"4,39"
4,24/02/2012,"4,39"
4,28/02/2012,"4,39"
4,29/02/2012,"4,39"
4,01/03/2012,"4,39"
4,02/03/2012,"4,39"
4,05/03/2012,"4,39"
4,06/03/2012,"4,39"
4,07/03/2012,"4,39"
4,08/03/2012,"4,39"
4,09/03/2012,"4,39"
4,12/03/2012,"4,39"
4,13/03/2012,"4,39"
4,14/03/2012,"4,4"
4,15/03/2012,"4,4"
4,16/03/2012,"4,4"
4,19/03/2012,"4,4"
4,20/03/2012,"4,4"
4,21/03/2012,"4,4"
4,22/03/2012,"4,4"
4,23/03/2012,"4,41"
4,26/03/2012,"4,41"
4,27/03/2012,"4,41"
4,28/03/2012,"4,41"
4,29/03/2012,"4,41"
4,30/03/2012,"4,42"
4,03/04/2012,"4,42"
4,04/04/2012,"4,43"
4,09/04/2012,"4,43"
4,10/04/2012,"4,43"
4,11/04/2012,"4,43"
4,12/04/2012,"4,43"
4,13/04/2012,"4,44"
4,16/04/2012,"4,44"
4,17/04/2012,"4,44"
4,18/04/2012,"4,44"
4,19/04/2012,"4,45"
4,20/04/2012,"4,44"
4,23/04/2012,"4,45"
4,24/04/2012,"4,45"
4,25/04/2012,"4,46"
4,26/04/2012,"4,46"
4,27/04/2012,"4,46"
4,02/05/2012,"4,46"
4,03/05/2012,"4,47"
4,04/05/2012,"4,47"
4,07/05/2012,"4,48"
4,08/05/2012,"4,48"
4,09/05/2012,"4,48"
4,10/05/2012,"4,48"
4,11/05/2012,"4,48"
4,14/05/2012,"4,49"
4,15/05/2012,"4,49"
4,16/05/2012,"4,49"
4,17/05/2012,"4,5"
4,18/05/2012,"4,5"
4,21/05/2012,"4,5"
4,22/05/2012,"4,51"
4,23/05/2012,"4,51"
4,24/05/2012,"4,51"
4,28/05/2012,"4,52"
4,29/05/2012,"4,52"
4,30/05/2012,"4,52"
4,31/05/2012,"4,52"
4,01/06/2012,"4,52"
4,04/06/2012,"4,52"
4,05/06/2012,"4,52"
4,06/06/2012,"4,53"
4,07/06/2012,"4,53"
4,08/06/2012,"4,53"
4,11/06/2012,"4,53"
4,12/06/2012,"4,54"
4,13/06/2012,"4,53"
4,14/06/2012,"4,54"
4,15/06/2012,"4,54"
4,18/06/2012,"4,54"
4,19/06/2012,"4,54"
4,21/06/2012,"4,55"
4,22/06/2012,"4,55"
4,25/06/2012,"4,55"
4,26/06/2012,"4,55"
4,27/06/2012,"4,56"
4,28/06/2012,"4,56"
4,29/06/2012,"4,57"
4,02/07/2012,"4,57"
4,03/07/2012,"4,57"
4,04/07/2012,"4,57"
4,05/07/2012,"4,57"
4,06/07/2012,"4,57"
4,10/07/2012,"4,58"
4,11/07/2012,"4,58"
4,12/07/2012,"4,59"
4,13/07/2012,"4,59"
4,16/07/2012,"4,59"
4,17/07/2012,"4,59"
4,18/07/2012,"4,6"
4,19/07/2012,"4,6"
4,20/07/2012,"4,6"
4,23/07/2012,"4,61"
4,24/07/2012,"4,61"
4,25/07/2012,"4,61"
4,26/07/2012,"4,62"
4,27/07/2012,"4,62"
4,30/07/2012,"4,62"
4,31/07/2012,"4,62"
4,01/08/2012,"4,63"
4,02/08/2012,"4,63"
4,03/08/2012,"4,63"
4,06/08/2012,"4,63"
4,07/08/2012,"4,64"
4,08/08/2012,"4,64"
4,09/08/2012,"4,64"
4,10/08/2012,"4,64"
4,13/08/2012,"4,65"
4,14/08/2012,"4,65"
4,15/08/2012,"4,65"
4,16/08/2012,"4,65"
4,17/08/2012,"4,66"
4,21/08/2012,"4,66"
4,22/08/2012,"4,66"
4,23/08/2012,"4,66"
4,24/08/2012,"4,66"
4,27/08/2012,"4,67"
4,28/08/2012,"4,67"
4,29/08/2012,"4,67"
4,30/08/2012,"4,68"
4,31/08/2012,"4,68"
4,03/09/2012,"4,68"
4,04/09/2012,"4,69"
4,05/09/2012,"4,69"
4,06/09/2012,"4,69"
4,07/09/2012,"4,7"
4,10/09/2012,"4,7"
4,11/09/2012,"4,7"
4,12/09/2012,"4,71"
4,13/09/2012,"4,7"
4,14/09/2012,"4,71"
4,17/09/2012,"4,71"
4,18/09/2012,"4,71"
4,19/09/2012,"4,72"
4,20/09/2012,"4,72"
4,21/09/2012,"4,72"
4,25/09/2012,"4,73"
4,26/09/2012,"4,73"
4,27/09/2012,"4,73"
4,28/09/2012,"4,74"
4,01/10/2012,"4,74"
4,02/10/2012,"4,74"
4,03/10/2012,"4,74"
4,04/10/2012,"4,75"
4,05/10/2012,"4,75"
4,09/10/2012,"4,75"
4,10/10/2012,"4,75"
4,11/10/2012,"4,76"
4,12/10/2012,"4,76"
4,15/10/2012,"4,77"
4,16/10/2012,"4,77"
4,17/10/2012,"4,77"
4,18/10/2012,"4,77"
4,19/10/2012,"4,78"
4,22/10/2012,"4,78"
4,23/10/2012,"4,78"
4,24/10/2012,"4,79"
4,25/10/2012,"4,79"
4,26/10/2012,"4,79"
4,29/10/2012,"4,8"
4,30/10/2012,"4,8"
4,31/10/2012,"4,8"
4,01/11/2012,"4,81"
4,02/11/2012,"4,81"
4,05/11/2012,"4,81"
4,07/11/2012,"4,81"
4,08/11/2012,"4,81"
4,09/11/2012,"4,81"
4,12/11/2012,"4,82"
4,13/11/2012,"4,82"
4,14/11/2012,"4,82"
4,15/11/2012,"4,83"
4,16/11/2012,"4,83"
4,19/11/2012,"4,84"
4,20/11/2012,"4,84"
4,21/11/2012,"4,85"
4,22/11/2012,"4,86"
4,23/11/2012,"4,86"
4,27/11/2012,"4,86"
4,28/11/2012,"4,86"
4,29/11/2012,"4,87"
4,30/11/2012,"4,87"
4,03/12/2012,"4,88"
4,04/12/2012,"4,88"
4,05/12/2012,"4,89"
4,06/12/2012,"4,89"
4,07/12/2012,"4,9"
4,10/12/2012,"4,9"
4,11/12/2012,"4,9"
4,12/12/2012,"4,91"
4,13/12/2012,"4,91"
4,14/12/2012,"4,91"
4,17/12/2012,"4,92"
4,18/12/2012,"4,92"
4,19/12/2012,"4,93"
4,20/12/2012,"4,94"
4,21/12/2012,"4,94"
4,26/12/2012,"4,95"
4,27/12/2012,"4,95"
4,28/12/2012,"4,95"
4,31/12/2012,"4,95"
4,02/01/2013,"4,96"
4,03/01/2013,"4,96"
4,04/01/2013,"4,97"
4,07/01/2013,"4,97"
4,08/01/2013,"4,97"
4,09/01/2013,"4,97"
4,10/01/2013,"4,98"
4,11/01/2013,"4,98"
4,14/01/2013,"4,98"
4,15/01/2013,"4,99"
4,16/01/2013,"4,99"
4,17/01/2013,"4,99"
4,18/01/2013,"4,99"
4,21/01/2013,"4,99"
4,22/01/2013,5
4,23/01/2013,5
4,24/01/2013,5
4,25/01/2013,5
4,28/01/2013,"5,01"
4,29/01/2013,"5,01"
4,30/01/2013,"5,01"
4,01/02/2013,"5,02"
4,04/02/2013,"5,02"
4,05/02/2013,"5,02"
4,06/02/2013,"5,02"
4,07/02/2013,"5,03"
4,08/02/2013,"5,04"
4,13/02/2013,"5,04"
4,14/02/2013,"5,05"
4,15/02/2013,"5,04"
4,18/02/2013,"5,05"
4,19/02/2013,"5,06"
4,21/02/2013,"5,06"
4,22/02/2013,"5,07"
4,25/02/2013,"5,07"
4,26/02/2013,"5,07"
4,27/02/2013,"5,07"
4,28/02/2013,"5,08"
4,01/03/2013,"5,09"
4,04/03/2013,"5,09"
4,05/03/2013,"5,09"
4,06/03/2013,"5,09"
4,07/03/2013,"5,1"
4,08/03/2013,"5,1"
4,11/03/2013,"5,1"
4,12/03/2013,"5,11"
4,13/03/2013,"5,11"
4,14/03/2013,"5,12"
4,15/03/2013,"5,13"
4,18/03/2013,"5,13"
4,19/03/2013,"5,13"
4,20/03/2013,"5,14"
4,21/03/2013,"5,14"
4,22/03/2013,"5,15"
4,25/03/2013,"5,16"
4,26/03/2013,"5,16"
4,27/03/2013,"5,16"
4,03/04/2013,"5,17"
4,04/04/2013,"5,17"
4,05/04/2013,"5,18"
4,08/04/2013,"5,18"
4,09/04/2013,"5,18"
4,10/04/2013,"5,18"
4,11/04/2013,"5,18"
4,12/04/2013,"5,26"
4,15/04/2013,"5,19"
4,16/04/2013,"5,19"
4,17/04/2013,"5,19"
4,18/04/2013,"5,2"
4,19/04/2013,"5,2"
4,22/04/2013,"5,21"
4,23/04/2013,"5,21"
4,24/04/2013,"5,21"
4,25/04/2013,"5,21"
4,26/04/2013,"5,22"
4,29/04/2013,"5,22"
4,30/04/2013,"5,23"
4,02/05/2013,"5,23"
4,03/05/2013,"5,24"
4,06/05/2013,"5,24"
4,07/05/2013,"5,25"
4,08/05/2013,"5,25"
4,09/05/2013,"5,26"
4,10/05/2013,"5,26"
4,13/05/2013,"5,27"
4,14/05/2013,"5,27"
4,15/05/2013,"5,28"
4,16/05/2013,"5,28"
4,17/05/2013,"5,28"
4,20/05/2013,"5,28"
4,21/05/2013,"5,29"
4,22/05/2013,"5,29"
4,23/05/2013,"5,3"
4,24/05/2013,"5,3"
4,27/05/2013,"5,31"
4,28/05/2013,"5,31"
4,29/05/2013,"5,31"
4,30/05/2013,"5,31"
4,31/05/2013,"5,32"
4,03/06/2013,"5,33"
4,04/06/2013,"5,33"
4,05/06/2013,"5,33"
4,06/06/2013,"5,33"
4,07/06/2013,"5,34"
4,10/06/2013,"5,35"
4,11/06/2013,"5,35"
4,12/06/2013,"5,35"
4,13/06/2013,"5,36"
4,14/06/2013,"5,37"
4,17/06/2013,"5,37"
4,18/06/2013,"5,38"
4,19/06/2013,"5,38"
4,24/06/2013,"5,4"
4,25/06/2013,"5,4"
4,26/06/2013,"5,41"
4,27/06/2013,"5,41"
4,28/06/2013,"5,42"
4,01/07/2013,"5,43"
4,02/07/2013,"5,43"
4,03/07/2013,"5,44"
4,04/07/2013,"5,44"
4,05/07/2013,"5,44"
4,08/07/2013,"5,44"
4,10/07/2013,"5,45"
4,11/07/2013,"5,46"
4,12/07/2013,"5,46"
4,15/07/2013,"5,47"
4,16/07/2013,"5,47"
4,17/07/2013,"5,48"
4,18/07/2013,"5,48"
4,19/07/2013,"5,5"
4,22/07/2013,"5,5"
4,23/07/2013,"5,5"
4,24/07/2013,"5,51"
4,25/07/2013,"5,51"
4,26/07/2013,"5,52"
4,29/07/2013,"5,53"
4,30/07/2013,"5,54"
4,31/07/2013,"5,54"
4,01/08/2013,"5,55"
4,02/08/2013,"5,55"
4,05/08/2013,"5,56"
4,06/08/2013,"5,57"
4,07/08/2013,"5,57"
4,08/08/2013,"5,58"
4,09/08/2013,"5,58"
4,12/08/2013,"5,59"
4,13/08/2013,"5,59"
4,14/08/2013,"5,6"
4,15/08/2013,"5,61"
4,16/08/2013,"5,62"
4,20/08/2013,"5,63"
4,21/08/2013,"5,64"
4,22/08/2013,"5,65"
4,23/08/2013,"5,66"
4,26/08/2013,"5,67"
4,27/08/2013,"5,68"
4,28/08/2013,"5,69"
4,29/08/2013,"5,7"
4,30/08/2013,"5,71"
4,02/09/2013,"5,72"
4,03/09/2013,"5,73"
4,04/09/2013,"5,74"
4,05/09/2013,"5,75"
4,06/09/2013,"5,75"
4,09/09/2013,"5,75"
4,10/09/2013,"5,76"
4,11/09/2013,"5,76"
4,12/09/2013,"5,77"
4,13/09/2013,"5,77"
4,16/09/2013,"5,78"
4,17/09/2013,"5,78"
4,18/09/2013,"5,79"
4,19/09/2013,"5,8"
4,20/09/2013,"6,1"
4,23/09/2013,"5,81"
4,24/09/2013,"5,82"
4,25/09/2013,"5,82"
4,26/09/2013,"5,82"
4,27/09/2013,"5,83"
4,30/09/2013,"5,84"
4,01/10/2013,"5,84"
4,02/10/2013,"5,84"
4,03/10/2013,"5,85"
4,04/10/2013,"5,85"
4,07/10/2013,"5,86"
4,08/10/2013,"5,86"
4,09/10/2013,"5,87"
4,10/10/2013,"5,87"
4,11/10/2013,"5,88"
4,15/10/2013,"5,88"
4,16/10/2013,"5,88"
4,17/10/2013,"5,89"
4,18/10/2013,"5,9"
4,21/10/2013,"5,9"
4,22/10/2013,"5,91"
4,23/10/2013,"5,91"
4,24/10/2013,"5,91"
4,25/10/2013,"5,92"
4,28/10/2013,"5,93"
4,29/10/2013,"5,93"
4,30/10/2013,"5,94"
4,31/10/2013,"5,95"
4,01/11/2013,"5,96"
4,04/11/2013,"5,98"
4,05/11/2013,"5,99"
4,07/11/2013,6
4,08/11/2013,6
4,11/11/2013,"6,02"
4,12/11/2013,"6,02"
4,13/11/2013,"6,02"
4,14/11/2013,"6,03"
4,15/11/2013,"6,04"
4,18/11/2013,"6,05"
4,19/11/2013,"6,08"
4,20/11/2013,"6,1"
4,21/11/2013,"6,11"
4,22/11/2013,"6,12"
4,26/11/2013,"6,14"
4,27/11/2013,"6,15"
4,28/11/2013,"6,17"
4,29/11/2013,"6,18"
4,02/12/2013,"6,2"
4,03/12/2013,"6,22"
4,04/12/2013,"6,24"
4,05/12/2013,"6,27"
4,06/12/2013,"6,29"
4,09/12/2013,"6,3"
4,10/12/2013,"6,31"
4,11/12/2013,"6,32"
4,12/12/2013,"6,33"
4,13/12/2013,"6,34"
4,16/12/2013,"6,35"
4,17/12/2013,"6,38"
4,18/12/2013,"6,41"
4,19/12/2013,"6,45"
4,20/12/2013,"6,47"
4,23/12/2013,"6,49"
4,26/12/2013,"6,52"
4,27/12/2013,"6,54"
4,30/12/2013,"6,56"
4,02/01/2014,"6,59"
4,03/01/2014,"6,61"
4,06/01/2014,"6,65"
4,07/01/2014,"6,66"
4,08/01/2014,"6,67"
4,09/01/2014,"6,68"
4,10/01/2014,"6,71"
4,13/01/2014,"6,75"
4,14/01/2014,"6,76"
4,15/01/2014,"6,8"
4,16/01/2014,"6,83"
4,17/01/2014,"6,87"
4,20/01/2014,"6,88"
4,21/01/2014,"6,95"
4,22/01/2014,"7,04"
4,23/01/2014,"8,14"
4,24/01/2014,"8,18"
4,27/01/2014,"8,17"
4,28/01/2014,"8,16"
4,29/01/2014,"8,12"
4,30/01/2014,"8,11"
4,31/01/2014,"8,09"
4,03/02/2014,"8,1"
4,04/02/2014,"8,09"
4,05/02/2014,"8,05"
4,06/02/2014,8
4,07/02/2014,"7,97"
4,10/02/2014,"7,94"
4,11/02/2014,"7,92"
4,12/02/2014,"7,91"
4,13/02/2014,"7,91"
4,14/02/2014,"7,9"
4,17/02/2014,"7,88"
4,18/02/2014,"7,87"
4,19/02/2014,"7,87"
4,20/02/2014,"7,89"
4,21/02/2014,"7,92"
4,24/02/2014,"7,94"
4,25/02/2014,"7,94"
4,26/02/2014,"7,94"
4,27/02/2014,"7,96"
4,28/02/2014,"7,96"
4,05/03/2014,"7,96"
4,06/03/2014,"7,96"
4,07/03/2014,"7,96"
4,10/03/2014,"7,95"
4,11/03/2014,"7,95"
4,12/03/2014,"7,95"
4,13/03/2014,"7,96"
4,14/03/2014,"7,97"
4,17/03/2014,"7,98"
4,18/03/2014,8
4,19/03/2014,"8,02"
4,20/03/2014,"8,02"
4,21/03/2014,"8,03"
4,25/03/2014,"8,05"
4,26/03/2014,"8,07"
4,27/03/2014,"8,08"
4,28/03/2014,"8,07"
4,31/03/2014,"8,08"
4,01/04/2014,"8,07"
4,03/04/2014,"8,07"
4,04/04/2014,"8,07"
4,07/04/2014,"8,03"
4,08/04/2014,"8,07"
4,09/04/2014,"8,07"
4,10/04/2014,"8,08"
4,11/04/2014,"8,08"
4,14/04/2014,"8,08"
4,15/04/2014,"8,13"
4,16/04/2014,"8,08"
4,21/04/2014,"8,08"
4,22/04/2014,"8,08"
4,23/04/2014,"8,08"
4,24/04/2014,"8,08"
4,25/04/2014,"8,08"
4,28/04/2014,"8,08"
4,29/04/2014,"8,08"
4,30/04/2014,"8,08"
4,05/05/2014,"8,07"
4,06/05/2014,"8,07"
4,07/05/2014,"8,07"
4,08/05/2014,"8,07"
4,09/05/2014,"8,08"
4,12/05/2014,"8,08"
4,13/05/2014,"8,09"
4,14/05/2014,"8,09"
4,15/05/2014,"8,11"
4,16/05/2014,"8,13"
4,19/05/2014,"8,13"
4,20/05/2014,"8,13"
4,21/05/2014,"8,13"
4,22/05/2014,"8,13"
4,23/05/2014,"8,13"
4,26/05/2014,"8,13"
4,27/05/2014,"8,13"
4,28/05/2014,"8,14"
4,29/05/2014,"8,14"
4,30/05/2014,"8,14"
4,02/06/2014,"8,14"
4,03/06/2014,"8,15"
4,04/06/2014,"8,17"
4,05/06/2014,"8,18"
4,06/06/2014,"8,2"
4,09/06/2014,"8,2"
4,10/06/2014,"8,2"
4,11/06/2014,"8,2"
4,12/06/2014,"8,2"
4,13/06/2014,"8,2"
4,16/06/2014,"8,2"
4,17/06/2014,"8,2"
4,18/06/2014,"8,2"
4,19/06/2014,"8,2"
4,23/06/2014,"8,2"
4,24/06/2014,"8,2"
4,25/06/2014,"8,2"
4,26/06/2014,"8,2"
4,27/06/2014,"8,2"
4,30/06/2014,"8,2"
4,01/07/2014,"8,2"
4,02/07/2014,"8,2"
4,03/07/2014,"8,2"
4,04/07/2014,"8,2"
4,07/07/2014,"8,2"
4,08/07/2014,"8,2"
4,10/07/2014,"8,21"
4,11/07/2014,"8,21"
4,14/07/2014,"8,21"
4,15/07/2014,"8,22"
4,16/07/2014,"8,21"
4,17/07/2014,"8,21"
4,18/07/2014,"8,22"
4,21/07/2014,"8,22"
4,22/07/2014,"8,22"
4,23/07/2014,"8,23"
4,24/07/2014,"8,24"
4,25/07/2014,"8,25"
4,28/07/2014,"8,24"
4,29/07/2014,"8,25"
4,30/07/2014,"8,25"
4,31/07/2014,"8,27"
4,01/08/2014,"8,28"
4,04/08/2014,"8,3"
4,05/08/2014,"8,32"
4,06/08/2014,"8,33"
4,07/08/2014,"8,33"
4,08/08/2014,"8,33"
4,11/08/2014,"8,33"
4,12/08/2014,"8,33"
4,13/08/2014,"8,33"
4,14/08/2014,"8,33"
4,15/08/2014,"8,34"
4,19/08/2014,"8,34"
4,20/08/2014,"8,36"
4,21/08/2014,"8,43"
4,22/08/2014,"8,48"
4,25/08/2014,"8,48"
4,26/08/2014,"8,47"
4,27/08/2014,"8,47"
4,28/08/2014,"8,48"
4,29/08/2014,"8,47"
4,01/09/2014,"8,47"
4,02/09/2014,"8,47"
4,03/09/2014,"8,48"
4,04/09/2014,"8,48"
4,05/09/2014,"8,48"
4,08/09/2014,"8,48"
4,09/09/2014,"8,48"
4,10/09/2014,"8,48"
4,11/09/2014,"8,48"
4,12/09/2014,"8,48"
4,15/09/2014,"8,48"
4,16/09/2014,"8,48"
4,17/09/2014,"8,48"
4,18/09/2014,"8,51"
4,19/09/2014,"8,51"
4,22/09/2014,"8,5"
4,23/09/2014,"8,5"
4,24/09/2014,"8,5"
4,25/09/2014,"8,51"
4,26/09/2014,"8,51"
4,29/09/2014,"8,53"
4,30/09/2014,"8,53"
4,01/10/2014,"8,54"
4,02/10/2014,"8,53"
4,03/10/2014,"8,54"
4,06/10/2014,"8,53"
4,07/10/2014,"8,54"
4,08/10/2014,"8,55"
4,09/10/2014,"8,54"
4,10/10/2014,"8,53"
4,14/10/2014,"8,55"
4,15/10/2014,"8,55"
4,16/10/2014,"8,53"
4,17/10/2014,"8,54"
4,20/10/2014,"8,54"
4,21/10/2014,"8,54"
4,22/10/2014,"8,55"
4,23/10/2014,"8,55"
4,24/10/2014,"8,55"
4,27/10/2014,"8,55"
4,28/10/2014,"8,55"
4,29/10/2014,"8,56"
4,30/10/2014,"8,56"
4,31/10/2014,"8,56"
4,03/11/2014,"8,57"
4,04/11/2014,"8,57"
4,05/11/2014,"8,56"
4,07/11/2014,"8,57"
4,10/11/2014,"8,57"
4,11/11/2014,"8,57"
4,12/11/2014,"8,58"
4,13/11/2014,"8,58"
4,14/11/2014,"8,57"
4,17/11/2014,"8,58"
4,18/11/2014,"8,6"
4,19/11/2014,"8,58"
4,20/11/2014,"8,58"
4,21/11/2014,"8,58"
4,25/11/2014,"8,57"
4,26/11/2014,"8,58"
4,27/11/2014,"8,59"
4,28/11/2014,"8,58"
4,01/12/2014,"8,58"
4,02/12/2014,"8,59"
4,03/12/2014,"8,6"
4,04/12/2014,"8,59"
4,05/12/2014,"8,6"
4,09/12/2014,"8,61"
4,10/12/2014,"8,6"
4,11/12/2014,"8,62"
4,12/12/2014,"8,61"
4,15/12/2014,"8,61"
4,16/12/2014,"8,61"
4,17/12/2014,"8,61"
4,18/12/2014,"8,61"
4,19/12/2014,"8,61"
4,22/12/2014,"8,61"
4,23/12/2014,"8,61"
4,24/12/2014,"8,56"
4,29/12/2014,"8,61"
4,30/12/2014,"8,61"
4,02/01/2015,"8,61"
4,05/01/2015,"8,62"
4,06/01/2015,"8,62"
4,07/01/2015,"8,64"
4,08/01/2015,"8,65"
4,09/01/2015,"8,66"
4,12/01/2015,"8,65"
4,13/01/2015,"8,66"
4,14/01/2015,"8,66"
4,15/01/2015,"8,66"
4,16/01/2015,"8,66"
4,19/01/2015,"8,66"
4,20/01/2015,"8,67"
4,21/01/2015,"8,67"
4,22/01/2015,"8,68"
4,23/01/2015,"8,69"
4,26/01/2015,"8,69"
4,27/01/2015,"8,7"
4,28/01/2015,"8,7"
4,29/01/2015,"8,7"
4,30/01/2015,"8,7"
4,02/02/2015,"8,71"
4,03/02/2015,"8,73"
4,04/02/2015,"8,72"
4,05/02/2015,"8,72"
4,06/02/2015,"8,73"
4,09/02/2015,"8,72"
4,10/02/2015,"8,73"
4,11/02/2015,"8,73"
4,12/02/2015,"8,74"
4,13/02/2015,"8,75"
4,18/02/2015,"8,75"
4,19/02/2015,"8,76"
4,20/02/2015,"8,76"
4,23/02/2015,"8,76"
4,24/02/2015,"8,77"
4,25/02/2015,"8,78"
4,26/02/2015,"8,78"
4,27/02/2015,"8,79"
4,02/03/2015,"8,79"
4,03/03/2015,"8,8"
4,04/03/2015,"8,8"
4,05/03/2015,"8,84"
4,06/03/2015,"8,81"
4,09/03/2015,"8,82"
4,10/03/2015,"8,82"
4,11/03/2015,"8,83"
4,12/03/2015,"8,84"
4,13/03/2015,"8,85"
4,16/03/2015,"8,85"
4,17/03/2015,"8,85"
4,18/03/2015,"8,85"
4,19/03/2015,"8,86"
4,20/03/2015,"8,86"
4,25/03/2015,"8,86"
4,26/03/2015,"8,87"
4,27/03/2015,"8,87"
4,30/03/2015,"8,87"
4,31/03/2015,"8,88"
4,01/04/2015,"8,89"
4,06/04/2015,"8,89"
4,07/04/2015,"8,9"
4,08/04/2015,"8,89"
4,09/04/2015,"8,91"
4,10/04/2015,"8,91"
4,13/04/2015,"8,91"
4,14/04/2015,"8,92"
4,15/04/2015,"8,92"
4,16/04/2015,"8,93"
4,17/04/2015,"8,93"
4,20/04/2015,"8,94"
4,21/04/2015,"8,93"
4,22/04/2015,"8,94"
4,23/04/2015,"8,95"
4,24/04/2015,"8,95"
4,27/04/2015,"8,95"
4,28/04/2015,"8,96"
4,29/04/2015,"8,96"
4,30/04/2015,"8,96"
4,04/05/2015,"8,97"
4,05/05/2015,"8,98"
4,06/05/2015,"8,98"
4,07/05/2015,"8,98"
4,08/05/2015,"8,99"
4,11/05/2015,"8,99"
4,12/05/2015,9
4,13/05/2015,9
4,14/05/2015,9
4,15/05/2015,"9,01"
4,18/05/2015,"9,01"
4,19/05/2015,"9,01"
4,20/05/2015,"9,02"
4,21/05/2015,"9,03"
4,22/05/2015,"9,03"
4,26/05/2015,"9,03"
4,27/05/2015,"9,04"
4,28/05/2015,"9,05"
4,29/05/2015,"9,05"
4,01/06/2015,"9,06"
4,02/06/2015,"9,07"
4,03/06/2015,"9,07"
4,04/06/2015,"9,08"
4,05/06/2015,"9,08"
4,08/06/2015,"9,08"
4,09/06/2015,"9,08"
4,10/06/2015,"9,09"
4,11/06/2015,"9,09"
4,12/06/2015,"9,1"
4,15/06/2015,"9,1"
4,16/06/2015,"9,1"
4,17/06/2015,"9,11"
4,18/06/2015,"9,12"
4,19/06/2015,"9,12"
4,22/06/2015,"9,12"
4,23/06/2015,"9,12"
4,24/06/2015,"9,13"
4,25/06/2015,"9,14"
4,26/06/2015,"9,14"
4,29/06/2015,"9,14"
4,30/06/2015,"9,15"
4,01/07/2015,"9,15"
4,02/07/2015,"9,16"
4,03/07/2015,"9,16"
4,06/07/2015,"9,17"
4,07/07/2015,"9,17"
4,08/07/2015,"9,18"
4,10/07/2015,"9,19"
4,13/07/2015,"9,2"
4,14/07/2015,"9,2"
4,15/07/2015,"9,2"
4,16/07/2015,"9,21"
4,17/07/2015,"9,21"
4,20/07/2015,"9,22"
4,21/07/2015,"9,22"
4,22/07/2015,"9,22"
4,23/07/2015,"9,23"
4,24/07/2015,"9,23"
4,27/07/2015,"9,24"
4,28/07/2015,"9,24"
4,29/07/2015,"9,24"
4,30/07/2015,"9,25"
4,31/07/2015,"9,26"
4,03/08/2015,"9,26"
4,04/08/2015,"9,26"
4,05/08/2015,"9,27"
4,06/08/2015,"9,28"
4,07/08/2015,"9,28"
4,10/08/2015,"9,29"
4,11/08/2015,"9,3"
4,12/08/2015,"9,3"
4,13/08/2015,"9,31"
4,14/08/2015,"9,31"
4,18/08/2015,"9,31"
4,19/08/2015,"9,32"
4,20/08/2015,"9,32"
4,21/08/2015,"9,33"
4,24/08/2015,"9,33"
4,25/08/2015,"9,34"
4,26/08/2015,"9,34"
4,27/08/2015,"9,35"
4,28/08/2015,"9,36"
4,31/08/2015,"9,37"
4,01/09/2015,"9,38"
4,02/09/2015,"9,38"
4,03/09/2015,"9,39"
4,04/09/2015,"9,39"
4,07/09/2015,"9,4"
4,08/09/2015,"9,4"
4,09/09/2015,"9,41"
4,10/09/2015,"9,42"
4,11/09/2015,"9,43"
4,14/09/2015,"9,43"
4,15/09/2015,"9,43"
4,16/09/2015,"9,43"
4,17/09/2015,"9,44"
4,18/09/2015,"9,45"
4,21/09/2015,"9,46"
4,22/09/2015,"9,47"
4,23/09/2015,"9,47"
4,24/09/2015,"9,47"
4,25/09/2015,"9,48"
4,28/09/2015,"9,48"
4,29/09/2015,"9,48"
4,30/09/2015,"9,5"
4,01/10/2015,"9,51"
4,02/10/2015,"9,51"
4,05/10/2015,"9,52"
4,06/10/2015,"9,52"
4,07/10/2015,"9,53"
4,08/10/2015,"9,53"
4,09/10/2015,"9,54"
4,13/10/2015,"9,55"
4,14/10/2015,"9,56"
4,15/10/2015,"9,56"
4,16/10/2015,"9,57"
4,19/10/2015,"9,57"
4,20/10/2015,"9,57"
4,21/10/2015,"9,58"
4,22/10/2015,"9,58"
4,23/10/2015,"9,59"
4,26/10/2015,"9,6"
4,27/10/2015,"9,6"
4,28/10/2015,"9,61"
4,29/10/2015,"9,61"
4,30/10/2015,"9,61"
4,02/11/2015,"9,62"
4,03/11/2015,"9,64"
4,04/11/2015,"9,62"
4,05/11/2015,"9,65"
4,09/11/2015,"9,66"
4,10/11/2015,"9,67"
4,11/11/2015,"9,68"
4,12/11/2015,"9,69"
4,13/11/2015,"9,7"
4,16/11/2015,"9,7"
4,17/11/2015,"9,72"
4,18/11/2015,"9,72"
4,19/11/2015,"9,73"
4,20/11/2015,"9,74"
4,23/11/2015,"9,74"
4,24/11/2015,"9,75"
4,25/11/2015,"9,76"
4,26/11/2015,"9,76"
4,30/11/2015,"9,76"
4,01/12/2015,"9,78"
4,02/12/2015,"9,79"
4,03/12/2015,"9,79"
4,04/12/2015,"9,81"
4,09/12/2015,"9,83"
4,10/12/2015,"9,85"
4,11/12/2015,"9,87"
4,14/12/2015,"9,88"
4,15/12/2015,"9,91"
4,16/12/2015,"9,91"
4,17/12/2015,"13,93"
4,18/12/2015,"13,71"
4,21/12/2015,"13,27"
4,22/12/2015,"13,29"
4,23/12/2015,"13,35"
4,24/12/2015,"13,3"
4,28/12/2015,"13,35"
4,29/12/2015,"13,27"
4,30/12/2015,"13,28"
4,31/12/2015,"13,4"
4,04/01/2016,"13,31"
4,05/01/2016,"13,88"
4,06/01/2016,"14,04"
4,07/01/2016,"14,16"
4,08/01/2016,"14,1"
4,11/01/2016,"14,06"
4,12/01/2016,"13,82"
4,13/01/2016,"13,82"
4,14/01/2016,"13,63"
4,15/01/2016,"13,72"
4,18/01/2016,"13,73"
4,19/01/2016,"13,69"
4,20/01/2016,"13,7"
4,21/01/2016,"13,83"
4,22/01/2016,"13,96"
4,25/01/2016,"14,02"
4,26/01/2016,"14,07"
4,27/01/2016,"14,1"
4,28/01/2016,"14,12"
4,29/01/2016,"14,13"
4,01/02/2016,"14,27"
4,02/02/2016,"14,32"
4,03/02/2016,"14,35"
4,04/02/2016,"14,38"
4,05/02/2016,"14,54"
4,10/02/2016,"14,71"
4,11/02/2016,"14,78"
4,12/02/2016,"14,95"
4,15/02/2016,"14,95"
4,16/02/2016,"14,99"
4,17/02/2016,"15,11"
4,18/02/2016,"15,24"
4,19/02/2016,"15,24"
4,22/02/2016,"15,37"
4,23/02/2016,"15,64"
4,24/02/2016,"15,55"
4,25/02/2016,"15,56"
4,26/02/2016,"15,69"
4,29/02/2016,"15,88"
4,01/03/2016,"16,07"
4,02/03/2016,"15,88"
4,03/03/2016,"15,48"
4,04/03/2016,"15,44"
4,07/03/2016,"15,59"
4,08/03/2016,"15,65"
4,09/03/2016,"15,59"
4,10/03/2016,"15,57"
4,11/03/2016,"15,2"
4,14/03/2016,15
4,15/03/2016,"14,85"
4,16/03/2016,"14,8"
4,17/03/2016,"15,04"
4,18/03/2016,"15,08"
4,21/03/2016,"14,7"
4,22/03/2016,"14,63"
4,23/03/2016,"14,71"
4,28/03/2016,"14,98"
4,29/03/2016,"14,87"
4,30/03/2016,"14,84"
4,31/03/2016,"14,89"
4,01/04/2016,15
4,04/04/2016,"15,04"
4,05/04/2016,"14,92"
4,06/04/2016,"14,93"
4,07/04/2016,"14,77"
4,08/04/2016,"14,69"
4,11/04/2016,"14,74"
4,12/04/2016,"14,74"
4,13/04/2016,"14,63"
4,14/04/2016,"14,62"
4,15/04/2016,"14,48"
4,18/04/2016,"14,38"
4,19/04/2016,"14,43"
4,20/04/2016,"14,54"
4,21/04/2016,"14,66"
4,22/04/2016,"14,62"
4,25/04/2016,"14,59"
4,26/04/2016,"14,57"
4,27/04/2016,"14,47"
4,28/04/2016,"14,49"
4,29/04/2016,"14,51"
4,02/05/2016,"14,52"
4,03/05/2016,"14,46"
4,04/05/2016,"14,47"
4,05/05/2016,"14,52"
4,06/05/2016,"14,5"
4,09/05/2016,"14,48"
4,10/05/2016,"14,5"
4,11/05/2016,"14,5"
4,12/05/2016,"14,46"
4,13/05/2016,"14,44"
4,16/05/2016,"14,42"
4,17/05/2016,"14,38"
4,18/05/2016,"14,38"
4,19/05/2016,"14,36"
4,20/05/2016,"14,31"
4,23/05/2016,"14,28"
4,24/05/2016,"14,29"
4,26/05/2016,"14,3"
4,27/05/2016,"14,23"
4,30/05/2016,"14,23"
4,31/05/2016,"14,25"
4,01/06/2016,"14,22"
4,02/06/2016,"14,17"
4,03/06/2016,"14,14"
4,06/06/2016,"14,03"
4,07/06/2016,"14,07"
4,08/06/2016,"14,07"
4,09/06/2016,"14,09"
4,10/06/2016,"14,08"
4,13/06/2016,"14,07"
4,14/06/2016,"14,03"
4,15/06/2016,"14,01"
4,16/06/2016,"14,12"
4,21/06/2016,"14,16"
4,22/06/2016,"14,3"
4,23/06/2016,"14,54"
4,24/06/2016,"15,09"
4,27/06/2016,"15,42"
4,28/06/2016,"15,21"
4,29/06/2016,"15,17"
4,30/06/2016,"15,21"
4,01/07/2016,"15,33"
4,04/07/2016,"15,32"
4,05/07/2016,"15,19"
4,06/07/2016,"15,01"
4,07/07/2016,"14,92"
4,11/07/2016,"14,95"
4,12/07/2016,"14,86"
4,13/07/2016,"14,83"
4,14/07/2016,"14,94"
4,15/07/2016,"15,2"
4,18/07/2016,"15,35"
4,19/07/2016,"15,26"
4,20/07/2016,"15,23"
4,21/07/2016,"15,29"
4,22/07/2016,"15,16"
4,25/07/2016,"15,16"
4,26/07/2016,"15,17"
4,27/07/2016,"15,21"
4,28/07/2016,"15,26"
4,29/07/2016,"15,29"
4,01/08/2016,"15,22"
4,02/08/2016,"15,11"
4,03/08/2016,"15,09"
4,04/08/2016,"15,1"
4,05/08/2016,"15,08"
4,08/08/2016,15
4,09/08/2016,"15,03"
4,10/08/2016,"14,97"
4,11/08/2016,"14,92"
4,12/08/2016,"14,94"
4,16/08/2016,"14,92"
4,17/08/2016,"14,99"
4,18/08/2016,"15,14"
4,19/08/2016,"15,15"
4,22/08/2016,"15,11"
4,23/08/2016,"15,11"
4,24/08/2016,"15,12"
4,25/08/2016,"15,11"
4,26/08/2016,"15,19"
4,29/08/2016,"15,28"
4,30/08/2016,"15,29"
4,31/08/2016,"15,16"
4,01/09/2016,"15,13"
4,02/09/2016,"15,2"
4,05/09/2016,"15,21"
4,06/09/2016,"15,23"
4,07/09/2016,"15,25"
4,08/09/2016,"15,27"
4,09/09/2016,"15,25"
4,12/09/2016,"15,23"
4,13/09/2016,"15,29"
4,14/09/2016,"15,24"
4,15/09/2016,"15,26"
4,16/09/2016,"15,34"
4,19/09/2016,"15,35"
4,20/09/2016,"15,37"
4,21/09/2016,"15,35"
4,22/09/2016,"15,38"
4,23/09/2016,"15,37"
4,26/09/2016,"15,43"
4,27/09/2016,"15,45"
4,28/09/2016,"15,52"
4,29/09/2016,"15,59"
4,30/09/2016,"15,49"
4,03/10/2016,"15,42"
4,04/10/2016,"15,43"
4,05/10/2016,"15,42"
4,06/10/2016,"15,44"
4,07/10/2016,"15,44"
4,11/10/2016,"15,43"
4,12/10/2016,"15,36"
4,13/10/2016,"15,35"
4,14/10/2016,"15,37"
4,17/10/2016,"15,43"
4,18/10/2016,"15,43"
4,19/10/2016,"15,42"
4,20/10/2016,"15,4"
4,21/10/2016,"15,37"
4,24/10/2016,"15,33"
4,25/10/2016,"15,42"
4,26/10/2016,"15,43"
4,27/10/2016,"15,42"
4,28/10/2016,"15,42"
4,31/10/2016,"15,4"
4,01/11/2016,"15,35"
4,02/11/2016,"15,3"
4,03/11/2016,"15,32"
4,04/11/2016,"15,28"
4,07/11/2016,"15,23"
4,08/11/2016,"15,23"
4,09/11/2016,"15,16"
4,10/11/2016,"15,28"
4,11/11/2016,"15,48"
4,14/11/2016,"15,79"
4,15/11/2016,"15,73"
4,16/11/2016,"15,73"
4,17/11/2016,"15,68"
4,18/11/2016,"15,69"
4,21/11/2016,"15,63"
4,22/11/2016,"15,66"
4,23/11/2016,"15,75"
4,24/11/2016,"15,76"
4,25/11/2016,"15,75"
4,29/11/2016,"15,88"
4,30/11/2016,"16,1"
4,01/12/2016,"16,1"
4,02/12/2016,"16,1"
4,05/12/2016,"16,12"
4,06/12/2016,"16,13"
4,07/12/2016,"16,19"
4,12/12/2016,"16,28"
4,13/12/2016,"16,22"
4,14/12/2016,"16,17"
4,15/12/2016,"16,22"
4,16/12/2016,"16,16"
4,19/12/2016,"16,05"
4,20/12/2016,"16,05"
4,21/12/2016,"16,09"
4,22/12/2016,"16,01"
4,23/12/2016,"15,79"
4,26/12/2016,"15,8"
4,27/12/2016,"15,78"
4,28/12/2016,"15,89"
4,29/12/2016,"16,14"
4,30/12/2016,"16,13"
4,02/01/2017,"16,16"
4,03/01/2017,"16,16"
4,04/01/2017,"16,37"
4,05/01/2017,"16,23"
4,06/01/2017,"16,05"
4,09/01/2017,"16,08"
4,10/01/2017,"16,1"
4,11/01/2017,"16,11"
4,12/01/2017,"16,08"
4,13/01/2017,"16,08"
4,16/01/2017,"16,09"
4,17/01/2017,"16,12"
4,18/01/2017,"16,2"
4,19/01/2017,"16,19"
4,20/01/2017,"16,13"
4,23/01/2017,"16,16"
4,24/01/2017,"16,19"
4,25/01/2017,"16,18"
4,26/01/2017,"16,19"
4,27/01/2017,"16,15"
4,30/01/2017,"16,17"
4,31/01/2017,"16,14"
4,01/02/2017,"16,05"
4,02/02/2017,"15,92"
4,03/02/2017,"15,88"
4,06/02/2017,"15,98"
4,07/02/2017,"15,95"
4,08/02/2017,"15,96"
4,09/02/2017,"15,92"
4,10/02/2017,"15,81"
4,13/02/2017,"15,76"
4,14/02/2017,"15,8"
4,15/02/2017,"15,7"
4,16/02/2017,"15,68"
4,17/02/2017,"15,95"
4,20/02/2017,"15,99"
4,21/02/2017,"15,91"
4,22/02/2017,"15,8"
4,23/02/2017,"15,83"
4,24/02/2017,"15,76"
4,01/03/2017,"15,74"
4,02/03/2017,"15,69"
4,03/03/2017,"15,71"
4,06/03/2017,"15,71"
4,07/03/2017,"15,78"
4,08/03/2017,"15,89"
4,09/03/2017,"15,87"
4,10/03/2017,"15,79"
4,13/03/2017,"15,81"
4,14/03/2017,"15,81"
4,15/03/2017,"15,82"
4,16/03/2017,"15,83"
4,17/03/2017,"15,82"
4,20/03/2017,"15,93"
4,21/03/2017,"15,9"
4,22/03/2017,"15,9"
4,23/03/2017,"15,91"
4,27/03/2017,"15,88"
4,28/03/2017,"15,84"
4,29/03/2017,"15,74"
4,30/03/2017,"15,7"
4,31/03/2017,"15,63"
4,03/04/2017,"15,72"
4,04/04/2017,"15,69"
4,05/04/2017,"15,65"
4,06/04/2017,"15,68"
4,07/04/2017,"15,66"
4,10/04/2017,"15,55"
4,11/04/2017,"15,52"
4,12/04/2017,"15,49"
4,17/04/2017,"15,5"
4,18/04/2017,"15,55"
4,19/04/2017,"15,72"
4,20/04/2017,"15,7"
4,21/04/2017,"15,72"
4,24/04/2017,"15,6"
4,25/04/2017,"15,73"
4,26/04/2017,"15,75"
4,27/04/2017,"15,74"
4,28/04/2017,"15,72"
4,02/05/2017,"15,61"
4,03/05/2017,"15,58"
4,04/05/2017,"15,64"
4,05/05/2017,"15,65"
4,08/05/2017,"15,7"
4,09/05/2017,"15,84"
4,10/05/2017,"15,83"
4,11/05/2017,"15,75"
4,12/05/2017,"15,73"
4,15/05/2017,"15,79"
4,16/05/2017,"15,89"
4,17/05/2017,"15,9"
4,18/05/2017,"16,27"
4,19/05/2017,"16,22"
4,22/05/2017,"16,41"
4,23/05/2017,"16,34"
4,24/05/2017,"16,34"
4,26/05/2017,"16,3"
4,29/05/2017,"16,29"
4,30/05/2017,"16,37"
4,31/05/2017,"16,38"
4,01/06/2017,"16,32"
4,02/06/2017,"16,3"
4,05/06/2017,"16,3"
4,06/06/2017,"16,27"
4,07/06/2017,"16,27"
4,08/06/2017,"16,21"
4,09/06/2017,"16,17"
4,12/06/2017,"16,18"
4,13/06/2017,"16,17"
4,14/06/2017,"16,13"
4,15/06/2017,"16,2"
4,16/06/2017,"16,29"
4,19/06/2017,"16,39"
4,21/06/2017,"16,53"
4,22/06/2017,"16,44"
4,23/06/2017,"16,42"
4,26/06/2017,"16,55"
4,27/06/2017,"16,66"
4,28/06/2017,"16,68"
4,29/06/2017,"16,75"
4,30/06/2017,"16,88"
4,03/07/2017,"17,06"
4,04/07/2017,"17,18"
4,05/07/2017,"17,4"
4,06/07/2017,"17,38"
4,07/07/2017,"17,29"
4,10/07/2017,"17,28"
4,11/07/2017,"17,3"
4,12/07/2017,"17,26"
4,13/07/2017,"17,26"
4,14/07/2017,"17,14"
4,17/07/2017,"17,19"
4,18/07/2017,"17,39"
4,19/07/2017,"17,46"
4,20/07/2017,"17,46"
4,21/07/2017,"17,66"
4,24/07/2017,"17,71"
4,25/07/2017,"17,66"
4,26/07/2017,"17,76"
4,27/07/2017,"17,86"
4,28/07/2017,"18,01"
4,31/07/2017,"17,94"
4,01/08/2017,"17,87"
4,02/08/2017,"17,86"
4,03/08/2017,"17,94"
4,04/08/2017,"17,94"
4,07/08/2017,"17,97"
4,08/08/2017,"17,98"
4,09/08/2017,"17,99"
4,10/08/2017,"17,99"
4,11/08/2017,"17,99"
4,14/08/2017,"17,47"
4,15/08/2017,"17,35"
4,16/08/2017,"17,47"
4,17/08/2017,"17,62"
4,18/08/2017,"17,57"
4,22/08/2017,"17,5"
4,23/08/2017,"17,51"
4,24/08/2017,"17,46"
4,25/08/2017,"17,49"
4,28/08/2017,"17,49"
4,29/08/2017,"17,65"
4,30/08/2017,"17,66"
4,31/08/2017,"17,61"
4,01/09/2017,"17,51"
4,04/09/2017,"17,55"
4,05/09/2017,"17,54"
4,06/09/2017,"17,49"
4,07/09/2017,"17,49"
4,08/09/2017,"17,48"
4,11/09/2017,"17,46"
4,12/09/2017,"17,37"
4,13/09/2017,"17,34"
4,14/09/2017,"17,29"
4,15/09/2017,"17,27"
4,18/09/2017,"17,36"
4,19/09/2017,"17,42"
4,20/09/2017,"17,42"
4,21/09/2017,"17,56"
4,22/09/2017,"17,59"
4,25/09/2017,"17,76"
4,26/09/2017,"17,85"
4,27/09/2017,"17,83"
4,28/09/2017,"17,79"
4,29/09/2017,"17,6"
4,02/10/2017,"17,69"
4,03/10/2017,"17,72"
4,04/10/2017,"17,64"
4,05/10/2017,"17,66"
4,06/10/2017,"17,76"
4,09/10/2017,"17,77"
4,10/10/2017,"17,73"
4,11/10/2017,"17,72"
4,12/10/2017,"17,73"
4,13/10/2017,"17,65"
4,17/10/2017,"17,64"
4,18/10/2017,"17,63"
4,19/10/2017,"17,72"
4,20/10/2017,"17,74"
4,23/10/2017,"17,67"
4,24/10/2017,"17,77"
4,25/10/2017,"17,76"
4,26/10/2017,"17,9"
4,27/10/2017,"17,93"
4,30/10/2017,"17,96"
4,31/10/2017,"17,93"
4,01/11/2017,"17,93"
4,02/11/2017,"17,83"
4,03/11/2017,"17,89"
4,07/11/2017,"17,93"
4,08/11/2017,"17,83"
4,09/11/2017,"17,8"
4,10/11/2017,"17,79"
4,13/11/2017,"17,8"
4,14/11/2017,"17,75"
4,15/11/2017,"17,79"
4,16/11/2017,"17,78"
4,17/11/2017,"17,77"
4,21/11/2017,"17,78"
4,22/11/2017,"17,73"
4,23/11/2017,"17,71"
4,24/11/2017,"17,66"
4,27/11/2017,"17,61"
4,28/11/2017,"17,63"
4,29/11/2017,"17,7"
4,30/11/2017,"17,63"
4,01/12/2017,"17,55"
4,04/12/2017,"17,61"
4,05/12/2017,"17,63"
4,06/12/2017,"17,6"
4,07/12/2017,"17,6"
4,11/12/2017,"17,56"
4,12/12/2017,"17,66"
4,13/12/2017,"17,64"
4,14/12/2017,"17,7"
4,15/12/2017,"17,81"
4,18/12/2017,"17,87"
4,19/12/2017,"17,95"
4,20/12/2017,"18,02"
4,21/12/2017,"18,22"
4,22/12/2017,"18,33"
4,26/12/2017,"18,61"
4,27/12/2017,"18,78"
4,28/12/2017,"19,46"
4,29/12/2017,"18,92"
4,02/01/2018,"18,74"
4,03/01/2018,"18,78"
4,04/01/2018,"18,96"
4,05/01/2018,"19,21"
4,08/01/2018,"19,34"
4,09/01/2018,"19,29"
4,10/01/2018,"18,96"
4,11/01/2018,"18,99"
4,12/01/2018,"19,01"
4,15/01/2018,"19,05"
4,16/01/2018,"19,19"
4,17/01/2018,"19,2"
4,18/01/2018,"19,15"
4,19/01/2018,"19,29"
4,22/01/2018,"19,42"
4,23/01/2018,"19,66"
4,24/01/2018,"19,93"
4,25/01/2018,"19,85"
4,26/01/2018,"19,85"
4,29/01/2018,"19,88"
4,30/01/2018,"19,9"
4,31/01/2018,"19,93"
4,01/02/2018,"19,71"
4,02/02/2018,"19,81"
4,05/02/2018,"19,8"
4,06/02/2018,"19,94"
4,07/02/2018,"19,95"
4,08/02/2018,"20,22"
4,09/02/2018,"20,35"
4,14/02/2018,"20,23"
4,15/02/2018,"20,02"
4,16/02/2018,20
4,19/02/2018,"20,18"
4,20/02/2018,"20,17"
4,21/02/2018,"20,21"
4,22/02/2018,"20,27"
4,23/02/2018,"20,28"
4,26/02/2018,"20,48"
4,27/02/2018,"20,49"
4,28/02/2018,"20,42"
4,01/03/2018,"20,46"
4,02/03/2018,"20,54"
4,05/03/2018,"20,52"
4,06/03/2018,"20,61"
4,07/03/2018,"20,69"
4,08/03/2018,"20,68"
4,09/03/2018,"20,54"
4,12/03/2018,"20,51"
4,13/03/2018,"20,51"
4,14/03/2018,"20,52"
4,15/03/2018,"20,61"
4,16/03/2018,"20,53"
4,19/03/2018,"20,54"
4,20/03/2018,"20,55"
4,21/03/2018,"20,6"
4,22/03/2018,"20,57"
4,23/03/2018,"20,5"
4,26/03/2018,"20,47"
4,27/03/2018,"20,48"
4,28/03/2018,"20,44"
4,03/04/2018,"20,44"
4,04/04/2018,"20,49"
4,05/04/2018,"20,5"
4,06/04/2018,"20,5"
4,09/04/2018,"20,5"
4,10/04/2018,"20,5"
4,11/04/2018,"20,47"
4,12/04/2018,"20,48"
4,13/04/2018,"20,5"
4,16/04/2018,"20,51"
4,17/04/2018,"20,49"
4,18/04/2018,"20,45"
4,19/04/2018,"20,47"
4,20/04/2018,"20,48"
4,23/04/2018,"20,51"
4,24/04/2018,"20,54"
4,25/04/2018,"20,56"
4,26/04/2018,"20,84"
4,27/04/2018,"20,88"
4,02/05/2018,"21,52"
4,03/05/2018,"22,99"
4,04/05/2018,"22,28"
4,07/05/2018,"22,33"
4,08/05/2018,"22,9"
4,09/05/2018,"23,13"
4,10/05/2018,"23,22"
4,11/05/2018,"23,73"
4,14/05/2018,"25,51"
4,15/05/2018,"24,68"
4,16/05/2018,"24,8"
4,17/05/2018,"24,89"
4,18/05/2018,"25,05"
4,21/05/2018,"24,9"
4,22/05/2018,"24,86"
4,23/05/2018,"24,99"
4,24/05/2018,"25,16"
4,28/05/2018,"25,25"
4,29/05/2018,"25,47"
4,30/05/2018,"25,49"
4,31/05/2018,"25,51"
4,01/06/2018,"25,57"
4,04/06/2018,"25,55"
4,05/06/2018,"25,55"
4,06/06/2018,"25,47"
4,07/06/2018,"25,54"
4,08/06/2018,"25,95"
4,11/06/2018,"26,44"
4,12/06/2018,"26,38"
4,13/06/2018,"26,69"
4,14/06/2018,"28,43"
4,15/06/2018,"28,85"
4,18/06/2018,"28,41"
4,19/06/2018,"28,46"
4,21/06/2018,"28,19"
4,22/06/2018,"27,76"
4,25/06/2018,"27,66"
4,26/06/2018,"27,73"
4,27/06/2018,"28,05"
4,28/06/2018,"28,68"
4,29/06/2018,"29,57"
4,02/07/2018,"29,04"
4,03/07/2018,"28,67"
4,04/07/2018,"28,78"
4,05/07/2018,"28,75"
4,06/07/2018,"28,62"
4,10/07/2018,"28,05"
4,11/07/2018,"28,19"
4,12/07/2018,"27,92"
4,13/07/2018,"27,94"
4,16/07/2018,28
4,17/07/2018,"28,16"
4,18/07/2018,"28,32"
4,19/07/2018,"28,36"
4,20/07/2018,"28,27"
4,23/07/2018,"28,27"
4,24/07/2018,"28,14"
4,25/07/2018,"28,03"
4,26/07/2018,"28,04"
4,27/07/2018,"28,01"
4,30/07/2018,"28,02"
4,31/07/2018,"28,03"
4,01/08/2018,"28,23"
4,02/08/2018,"28,17"
4,03/08/2018,"28,01"
4,06/08/2018,"28,04"
4,07/08/2018,"28,03"
4,08/08/2018,"28,23"
4,09/08/2018,"28,7"
4,10/08/2018,"29,8"
4,13/08/2018,"30,68"
4,14/08/2018,"30,38"
4,15/08/2018,"30,68"
4,16/08/2018,"30,39"
4,17/08/2018,"30,43"
4,21/08/2018,"30,55"
4,22/08/2018,"30,82"
4,23/08/2018,"30,98"
4,24/08/2018,"31,47"
4,27/08/2018,"31,54"
4,28/08/2018,"32,06"
4,29/08/2018,"34,4"
4,30/08/2018,"39,78"
4,31/08/2018,38
4,03/09/2018,"38,99"
4,04/09/2018,"39,69"
4,05/09/2018,"39,25"
4,06/09/2018,"38,32"
4,07/09/2018,"37,81"
4,10/09/2018,"38,18"
4,11/09/2018,"38,71"
4,12/09/2018,"39,08"
4,13/09/2018,"40,22"
4,14/09/2018,"40,51"
4,17/09/2018,"40,41"
4,18/09/2018,"40,5"
4,19/09/2018,"40,12"
4,20/09/2018,"38,98"
4,21/09/2018,"38,14"
4,24/09/2018,"38,18"
4,25/09/2018,"38,88"
4,26/09/2018,"39,44"
4,27/09/2018,"40,53"
4,28/09/2018,"41,89"
4,01/10/2018,"40,74"
4,02/10/2018,"39,07"
4,03/10/2018,"38,73"
4,04/10/2018,"39,45"
4,05/10/2018,"38,91"
4,08/10/2018,"38,56"
4,09/10/2018,"38,18"
4,10/10/2018,"38,17"
4,11/10/2018,"37,77"
4,12/10/2018,"37,6"
4,16/10/2018,"37,11"
4,17/10/2018,"37,29"
4,18/10/2018,"37,51"
4,19/10/2018,"37,53"
4,22/10/2018,"37,42"
4,23/10/2018,"37,58"
4,24/10/2018,"37,88"
4,25/10/2018,"37,79"
4,26/10/2018,"37,85"
4,29/10/2018,"37,77"
4,30/10/2018,"37,78"
4,31/10/2018,"36,98"
4,01/11/2018,"36,78"
4,02/11/2018,"36,6"
4,05/11/2018,"36,6"
4,07/11/2018,"36,72"
4,08/11/2018,"36,53"
4,09/11/2018,"36,38"
4,12/11/2018,"36,42"
4,13/11/2018,"36,97"
4,14/11/2018,37
4,15/11/2018,"36,98"
4,16/11/2018,"36,98"
4,20/11/2018,"37,17"
4,21/11/2018,"37,25"
4,22/11/2018,"37,43"
4,23/11/2018,"38,51"
4,26/11/2018,"39,97"
4,27/11/2018,"39,58"
4,28/11/2018,"39,54"
4,29/11/2018,"38,81"
4,03/12/2018,"37,62"
4,04/12/2018,"38,32"
4,05/12/2018,"38,68"
4,06/12/2018,"38,67"
4,07/12/2018,"38,31"
4,10/12/2018,"38,75"
4,11/12/2018,"38,75"
4,12/12/2018,"38,62"
4,13/12/2018,"38,8"
4,14/12/2018,"39,03"
4,17/12/2018,"39,22"
4,18/12/2018,"39,19"
4,19/12/2018,"39,33"
4,20/12/2018,"39,05"
4,21/12/2018,"39,03"
4,26/12/2018,"39,48"
4,27/12/2018,"39,4"
4,28/12/2018,"38,85"
4,02/01/2019,"38,74"
4,03/01/2019,"38,51"
4,04/01/2019,"38,41"
4,07/01/2019,"38,4"
4,08/01/2019,"38,63"
4,09/01/2019,"38,5"
4,10/01/2019,"38,16"
4,11/01/2019,"38,03"
4,14/01/2019,"38,06"
4,15/01/2019,"38,2"
4,16/01/2019,"38,47"
4,17/01/2019,"38,74"
4,18/01/2019,"38,56"
4,21/01/2019,"38,69"
4,22/01/2019,"38,53"
4,23/01/2019,"38,58"
4,24/01/2019,"38,48"
4,25/01/2019,"38,19"
4,28/01/2019,"38,14"
4,29/01/2019,"38,57"
4,30/01/2019,"38,59"
4,31/01/2019,"38,28"
4,01/02/2019,"38,31"
4,04/02/2019,"38,26"
4,05/02/2019,"38,25"
4,06/02/2019,"38,4"
4,07/02/2019,"38,91"
4,08/02/2019,"38,9"
4,11/02/2019,"39,07"
4,12/02/2019,"38,94"
4,13/02/2019,"39,2"
4,14/02/2019,"39,3"
4,15/02/2019,"39,51"
4,18/02/2019,"39,8"
4,19/02/2019,"40,32"
4,20/02/2019,"40,71"
4,21/02/2019,"40,54"
4,22/02/2019,"40,21"
4,25/02/2019,"40,01"
4,26/02/2019,"39,95"
4,27/02/2019,"39,83"
4,28/02/2019,"40,14"
4,01/03/2019,"40,84"
4,06/03/2019,"41,71"
4,07/03/2019,"43,41"
4,08/03/2019,"42,27"
4,11/03/2019,"42,29"
4,12/03/2019,"42,52"
4,13/03/2019,"42,3"
4,14/03/2019,"41,76"
4,15/03/2019,"41,13"
4,18/03/2019,"41,02"
4,19/03/2019,"41,59"
4,20/03/2019,"41,95"
4,21/03/2019,"42,02"
4,22/03/2019,"42,86"
4,25/03/2019,"42,99"
4,26/03/2019,"43,67"
4,27/03/2019,"44,92"
4,28/03/2019,"44,65"
4,29/03/2019,"44,4"
4,01/04/2019,"43,86"
4,03/04/2019,"43,84"
4,04/04/2019,"44,41"
4,05/04/2019,"44,96"
4,08/04/2019,"44,84"
4,09/04/2019,"44,5"
4,10/04/2019,"44,07"
4,11/04/2019,"43,87"
4,12/04/2019,"43,29"
4,15/04/2019,"42,65"
4,16/04/2019,"43,38"
4,17/04/2019,"42,98"
4,22/04/2019,"43,69"
4,23/04/2019,"43,52"
4,24/04/2019,"44,92"
4,25/04/2019,"46,09"
4,26/04/2019,"46,9"
4,29/04/2019,"45,6"
4,30/04/2019,"45,36"
4,02/05/2019,"46,02"
4,03/05/2019,"45,55"
4,06/05/2019,"45,93"
4,07/05/2019,"46,36"
4,08/05/2019,"46,33"
4,09/05/2019,"46,49"
4,10/05/2019,"46,04"
4,13/05/2019,"46,39"
4,14/05/2019,"46,16"
4,15/05/2019,"46,16"
4,16/05/2019,46
4,17/05/2019,"46,2"
4,20/05/2019,"46,42"
4,21/05/2019,"46,04"
4,22/05/2019,"46,05"
4,23/05/2019,"46,26"
4,24/05/2019,"46,06"
4,27/05/2019,"46,09"
4,28/05/2019,"45,88"
4,29/05/2019,"45,78"
4,30/05/2019,"45,64"
4,31/05/2019,"46,1"
4,03/06/2019,"46,13"
4,04/06/2019,"45,96"
4,05/06/2019,"46,08"
4,06/06/2019,"46,12"
4,07/06/2019,"46,12"
4,10/06/2019,"46,14"
4,11/06/2019,"45,94"
4,12/06/2019,"44,88"
4,13/06/2019,"44,62"
4,14/06/2019,"45,17"
4,18/06/2019,"44,71"
4,19/06/2019,"44,5"
4,21/06/2019,"44,08"
4,24/06/2019,"43,67"
4,25/06/2019,"43,48"
4,26/06/2019,"43,95"
4,27/06/2019,"43,94"
4,28/06/2019,"43,7"
4,01/07/2019,"43,48"
4,02/07/2019,"43,45"
4,03/07/2019,"43,25"
4,04/07/2019,"42,89"
4,05/07/2019,"43,1"
4,10/07/2019,"43,09"
4,11/07/2019,"42,91"
4,12/07/2019,"42,85"
4,15/07/2019,"43,41"
4,16/07/2019,"43,78"
4,17/07/2019,"43,71"
4,18/07/2019,"43,61"
4,19/07/2019,"43,62"
4,22/07/2019,"43,61"
4,23/07/2019,"43,87"
4,24/07/2019,"44,06"
4,25/07/2019,"44,56"
4,26/07/2019,"44,52"
4,29/07/2019,"44,93"
4,30/07/2019,"45,06"
4,31/07/2019,"45,02"
4,01/08/2019,"45,55"
4,02/08/2019,"45,89"
4,05/08/2019,"46,69"
4,06/08/2019,"46,48"
4,07/08/2019,"46,8"
4,08/08/2019,"46,47"
4,09/08/2019,"46,55"
4,12/08/2019,"57,3"
4,13/08/2019,"58,33"
4,14/08/2019,"62,18"
4,15/08/2019,"59,72"
4,16/08/2019,"58,12"
4,20/08/2019,"57,38"
4,21/08/2019,"57,27"
4,22/08/2019,"57,24"
4,23/08/2019,"57,31"
4,26/08/2019,"57,21"
4,27/08/2019,"58,66"
4,28/08/2019,"60,17"
4,29/08/2019,"60,3"
4,30/08/2019,"62,04"
4,02/09/2019,"58,41"
4,03/09/2019,"58,49"
4,04/09/2019,"58,06"
4,05/09/2019,"58,21"
4,06/09/2019,"58,02"
4,09/09/2019,"58,15"
4,10/09/2019,"58,13"
4,11/09/2019,"58,24"
4,12/09/2019,"58,41"
4,13/09/2019,"58,44"
4,16/09/2019,"58,77"
4,17/09/2019,"59,07"
4,18/09/2019,"59,15"
4,19/09/2019,"59,07"
4,20/09/2019,"59,08"
4,23/09/2019,"59,32"
4,24/09/2019,"59,34"
4,25/09/2019,"59,34"
4,26/09/2019,"59,51"
4,27/09/2019,"59,56"
4,30/09/2019,"59,82"
4,01/10/2019,"60,1"
4,02/10/2019,"60,22"
4,03/10/2019,"60,23"
4,04/10/2019,"60,09"
4,07/10/2019,"60,19"
4,08/10/2019,"60,24"
4,09/10/2019,"60,3"
4,10/10/2019,"60,31"
4,11/10/2019,"60,31"
4,15/10/2019,"60,44"
4,16/10/2019,"60,54"
4,17/10/2019,"60,59"
4,18/10/2019,"60,73"
4,21/10/2019,61
4,22/10/2019,"61,33"
4,23/10/2019,"62,37"
4,24/10/2019,"63,34"
4,25/10/2019,65
4,28/10/2019,"63,46"
4,29/10/2019,"63,42"
4,30/10/2019,"63,43"
4,31/10/2019,"63,23"
4,01/11/2019,"63,35"
4,04/11/2019,"63,33"
4,05/11/2019,"63,26"
4,07/11/2019,"63,22"
4,08/11/2019,"63,05"
4,11/11/2019,"63,07"
4,12/11/2019,"62,99"
4,13/11/2019,63
4,14/11/2019,"62,97"
4,15/11/2019,"62,93"
4,19/11/2019,"62,9"
4,20/11/2019,"62,9"
4,21/11/2019,"62,91"
4,22/11/2019,"62,9"
4,25/11/2019,"62,91"
4,26/11/2019,"62,87"
4,27/11/2019,"62,87"
4,28/11/2019,"62,88"
4,29/11/2019,"62,93"
4,02/12/2019,"62,93"
4,03/12/2019,"62,9"
4,04/12/2019,"62,94"
4,05/12/2019,"62,94"
4,06/12/2019,"62,94"
4,09/12/2019,"62,99"
4,10/12/2019,"63,04"
4,11/12/2019,"63,08"
4,12/12/2019,"63,09"
4,13/12/2019,"63,07"
4,16/12/2019,"63,09"
4,17/12/2019,"63,09"
4,18/12/2019,"63,08"
4,19/12/2019,"63,08"
4,20/12/2019,"62,99"
4,23/12/2019,63
4,26/12/2019,"62,99"
4,27/12/2019,"62,99"
4,30/12/2019,"62,99"
4,02/01/2020,63
4,03/01/2020,"62,98"
4,06/01/2020,"62,99"
4,07/01/2020,"62,99"
4,08/01/2020,"62,99"
4,09/01/2020,"62,98"
4,10/01/2020,"62,96"
4,13/01/2020,"62,96"
4,14/01/2020,"62,97"
4,15/01/2020,"62,98"
4,16/01/2020,"62,97"
4,17/01/2020,"62,97"
4,20/01/2020,"62,97"
4,21/01/2020,"62,98"
4,22/01/2020,"62,98"
4,23/01/2020,"62,98"
4,24/01/2020,"62,98"
4,27/01/2020,"62,97"
4,28/01/2020,"63,07"
4,29/01/2020,"62,97"
4,30/01/2020,"62,97"
4,31/01/2020,"63,03"
4,03/02/2020,"63,05"
4,04/02/2020,"63,07"
4,05/02/2020,"63,1"
4,06/02/2020,"63,01"
4,07/02/2020,"63,05"
4,10/02/2020,"63,31"
4,11/02/2020,"63,46"
4,12/02/2020,"63,62"
4,13/02/2020,"63,66"
4,14/02/2020,"63,73"
4,17/02/2020,"63,78"
4,18/02/2020,"63,66"
4,19/02/2020,"63,71"
4,20/02/2020,"63,87"
4,21/02/2020,"63,99"
4,26/02/2020,"64,09"
4,27/02/2020,"64,03"
4,28/02/2020,"64,26"
4,02/03/2020,"64,39"
4,03/03/2020,"64,51"
4,04/03/2020,"64,53"
4,05/03/2020,"64,41"
4,06/03/2020,"64,71"
4,09/03/2020,"64,71"
4,10/03/2020,"64,72"
4,11/03/2020,"64,74"
4,12/03/2020,"65,02"
4,13/03/2020,"65,05"
4,16/03/2020,"65,09"
4,17/03/2020,"64,96"
4,18/03/2020,"65,46"
4,19/03/2020,"65,59"
4,20/03/2020,"65,91"
4,25/03/2020,"65,85"
4,26/03/2020,"66,13"
4,27/03/2020,"66,44"
4,30/03/2020,"66,58"
4,01/04/2020,"66,61"
4,02/04/2020,"66,51"
4,03/04/2020,"66,85"
4,06/04/2020,"66,97"
4,07/04/2020,"67,09"
4,08/04/2020,"67,07"
4,13/04/2020,"67,43"
4,14/04/2020,"67,53"
4,15/04/2020,"67,6"
4,16/04/2020,"67,87"
4,17/04/2020,"67,96"
4,20/04/2020,"67,96"
4,21/04/2020,"68,34"
4,22/04/2020,"68,43"
4,23/04/2020,"68,44"
4,24/04/2020,"68,69"
4,27/04/2020,"68,89"
4,28/04/2020,"68,97"
4,29/04/2020,"69,07"
4,30/04/2020,"69,16"
4,04/05/2020,"69,16"
4,05/05/2020,"69,31"
4,06/05/2020,"69,47"
4,07/05/2020,"69,54"
4,08/05/2020,"69,63"
4,11/05/2020,"69,63"
4,12/05/2020,"69,66"
4,13/05/2020,"69,84"
4,14/05/2020,"70,05"
4,15/05/2020,"70,06"
4,18/05/2020,"70,26"
4,19/05/2020,"70,32"
4,20/05/2020,"70,33"
4,21/05/2020,"70,38"
4,22/05/2020,"70,58"
4,26/05/2020,"70,61"
4,27/05/2020,"70,63"
4,28/05/2020,"70,69"
4,29/05/2020,"70,76"
4,01/06/2020,"70,72"
4,02/06/2020,"71,01"
4,03/06/2020,"70,92"
4,04/06/2020,"71,15"
4,05/06/2020,"71,48"
4,08/06/2020,"71,88"
4,09/06/2020,"72,04"
4,10/06/2020,"72,2"
4,11/06/2020,"72,34"
4,12/06/2020,"72,5"
4,16/06/2020,"72,68"
4,17/06/2020,"72,86"
4,18/06/2020,"72,98"
4,19/06/2020,"73,08"
4,22/06/2020,"73,13"
4,23/06/2020,"73,44"
4,24/06/2020,"73,51"
4,25/06/2020,"73,53"
4,26/06/2020,"73,56"
4,29/06/2020,"73,86"
4,30/06/2020,"74,07"
4,01/07/2020,"74,13"
4,02/07/2020,"74,18"
4,03/07/2020,"74,32"
4,06/07/2020,"74,61"
4,07/07/2020,"74,64"
4,08/07/2020,"74,72"
4,13/07/2020,"74,99"
4,14/07/2020,"75,09"
4,15/07/2020,"75,21"
4,16/07/2020,"75,21"
4,17/07/2020,"75,25"
4,20/07/2020,"75,56"
4,21/07/2020,"75,64"
4,22/07/2020,"75,66"
4,23/07/2020,"75,86"
4,24/07/2020,"75,92"
4,27/07/2020,76
4,28/07/2020,"76,1"
4,29/07/2020,"76,06"
4,30/07/2020,"76,27"
4,31/07/2020,"76,39"
4,03/08/2020,"76,64"
4,04/08/2020,"76,69"
4,05/08/2020,"76,89"
4,06/08/2020,"76,89"
4,07/08/2020,"76,91"
4,10/08/2020,"77,13"
4,11/08/2020,"77,17"
4,12/08/2020,"77,32"
4,13/08/2020,"77,42"
4,14/08/2020,"77,39"
4,18/08/2020,"77,54"
4,19/08/2020,"77,7"
4,20/08/2020,"77,77"
4,21/08/2020,"77,8"
4,24/08/2020,"77,95"
4,25/08/2020,"77,94"
4,26/08/2020,"77,95"
4,27/08/2020,"78,13"
4,28/08/2020,"78,18"
4,31/08/2020,"78,36"
4,01/09/2020,"78,5"
4,02/09/2020,"78,63"
4,03/09/2020,"78,63"
4,04/09/2020,"78,64"
4,07/09/2020,"78,94"
4,08/09/2020,"79,03"
4,09/09/2020,"79,05"
4,10/09/2020,"79,07"
4,11/09/2020,"79,13"
4,14/09/2020,"79,24"
4,15/09/2020,"79,36"
4,16/09/2020,"79,55"
4,17/09/2020,"79,59"
4,18/09/2020,"79,59"
4,21/09/2020,"79,71"
4,22/09/2020,"79,86"
4,23/09/2020,"79,89"
4,24/09/2020,"79,99"
4,25/09/2020,"80,05"
4,28/09/2020,"80,16"
4,29/09/2020,"80,24"
4,30/09/2020,"80,63"
4,01/10/2020,"80,8"
4,02/10/2020,"82,44"
4,05/10/2020,"82,64"
4,06/10/2020,"82,72"
4,07/10/2020,"82,72"
4,08/10/2020,"82,79"
4,09/10/2020,"82,74"
4,13/10/2020,"82,93"
4,14/10/2020,"82,95"
4,15/10/2020,"82,99"
4,16/10/2020,"83,2"
4,19/10/2020,"83,21"
4,20/10/2020,"83,27"
4,21/10/2020,"83,32"
4,22/10/2020,"83,78"
4,23/10/2020,"83,85"
4,26/10/2020,"83,9"
4,27/10/2020,"83,89"
4,28/10/2020,"83,9"
4,29/10/2020,"83,9"
4,30/10/2020,"83,89"
4,02/11/2020,"84,41"
4,03/11/2020,"84,52"
4,04/11/2020,"84,62"
4,05/11/2020,"84,63"
4,09/11/2020,"84,95"
4,10/11/2020,"85,03"
4,11/11/2020,"85,04"
4,12/11/2020,"85,14"
4,13/11/2020,"85,27"
4,16/11/2020,"85,6"
4,17/11/2020,"85,6"
4,18/11/2020,"85,57"
4,19/11/2020,"85,74"
4,20/11/2020,"85,91"
4,24/11/2020,"86,13"
4,25/11/2020,"86,19"
4,26/11/2020,"86,53"
4,27/11/2020,"86,61"
4,30/11/2020,"86,72"
4,01/12/2020,"86,95"
4,02/12/2020,87
4,03/12/2020,"87,14"
4,04/12/2020,"87,17"
4,09/12/2020,"87,38"
4,10/12/2020,"87,84"
4,11/12/2020,"87,85"
4,14/12/2020,"87,96"
4,15/12/2020,"88,12"
4,16/12/2020,"88,13"
4,17/12/2020,"88,18"
4,18/12/2020,"88,26"
4,21/12/2020,"88,76"
4,22/12/2020,"88,8"
4,23/12/2020,"88,92"
4,28/12/2020,"89,24"
4,29/12/2020,"89,7"
4,30/12/2020,"89,87"
4,04/01/2021,"90,22"
4,05/01/2021,"90,55"
4,06/01/2021,"90,55"
4,07/01/2021,"90,73"
4,08/01/2021,"90,79"
4,11/01/2021,"90,99"
4,12/01/2021,"91,07"
4,13/01/2021,"91,03"
4,14/01/2021,"91,19"
4,15/01/2021,"91,14"
4,18/01/2021,"91,31"
4,19/01/2021,"91,77"
4,20/01/2021,"91,76"
4,21/01/2021,"91,91"
4,22/01/2021,92
4,25/01/2021,"92,35"
4,26/01/2021,"92,4"
4,27/01/2021,"92,44"
4,28/01/2021,"92,58"
4,29/01/2021,"92,7"
4,01/02/2021,"92,99"
4,02/02/2021,"93,06"
4,03/02/2021,"92,96"
4,04/02/2021,"93,19"
4,05/02/2021,"93,32"
4,08/02/2021,"93,57"
4,09/02/2021,"93,58"
4,10/02/2021,"93,73"
4,11/02/2021,"93,87"
4,12/02/2021,"93,95"
4,17/02/2021,"94,23"
4,18/02/2021,"94,29"
4,19/02/2021,"94,4"
4,22/02/2021,"94,77"
4,23/02/2021,"94,83"
4,24/02/2021,"95,02"
4,25/02/2021,"95,08"
4,26/02/2021,"95,12"
4,01/03/2021,"95,49"
4,02/03/2021,"95,67"
4,03/03/2021,"95,64"
4,04/03/2021,"95,75"
4,05/03/2021,"95,69"
4,08/03/2021,96
4,09/03/2021,"96,07"
4,10/03/2021,"96,31"
4,11/03/2021,"96,45"
4,12/03/2021,"96,49"
4,15/03/2021,"96,69"
4,16/03/2021,"96,81"
4,17/03/2021,"96,76"
4,18/03/2021,"96,83"
4,19/03/2021,"96,98"
4,22/03/2021,"97,1"
4,23/03/2021,"97,33"
4,25/03/2021,"97,45"
4,26/03/2021,"97,57"
4,29/03/2021,"97,61"
4,30/03/2021,"97,61"
4,31/03/2021,"97,69"
4,05/04/2021,"98,1"
4,06/04/2021,"98,1"
4,07/04/2021,"98,19"
4,08/04/2021,"98,2"
4,09/04/2021,"98,21"
4,12/04/2021,"98,31"
4,13/04/2021,"98,33"
4,14/04/2021,"98,32"
4,15/04/2021,"98,47"
4,16/04/2021,"98,52"
4,19/04/2021,"98,59"
4,20/04/2021,"98,59"
4,21/04/2021,"98,61"
4,22/04/2021,"98,64"
4,23/04/2021,"98,78"
4,26/04/2021,"98,89"
4,27/04/2021,"98,89"
4,28/04/2021,"98,91"
4,29/04/2021,"98,97"
4,30/04/2021,"98,9"
4,03/05/2021,"99,21"
4,04/05/2021,"99,3"
4,05/05/2021,"99,33"
4,06/05/2021,"99,34"
4,07/05/2021,"99,43"
4,10/05/2021,"99,5"
4,11/05/2021,"99,5"
4,12/05/2021,"99,51"
4,13/05/2021,"99,51"
4,14/05/2021,"99,51"
4,17/05/2021,"99,64"
4,18/05/2021,"99,64"
4,19/05/2021,"99,7"
4,20/05/2021,"99,71"
4,21/05/2021,"99,71"
4,26/05/2021,"99,96"
4,27/05/2021,"100,02"
4,28/05/2021,"100,04"
4,31/05/2021,"100,09"
4,01/06/2021,"100,23"